id,Season,city,date,team1,team2,toss_winner,toss_decision,result,dl_applied,winner,win_by_runs,win_by_wickets,player_of_match,venue,umpire1,umpire2,umpire3,year,month,result_clean,toss_won_match,bat_first_team,bat_first_won
1,IPL-2017,Hyderabad,2017-05-04,Sunrisers Hyderabad,Royal Challengers Bangalore,Royal Challengers Bangalore,field,normal,0,Sunrisers Hyderabad,35,0,Yuvraj Singh,"Rajiv Gandhi International Stadium, Uppal",AY Dandekar,NJ Llong,,2017,5,normal,0,Sunrisers Hyderabad,1
2,IPL-2017,Pune,2017-06-04,Mumbai Indians,Rising Pune Supergiant,Rising Pune Supergiant,field,normal,0,Rising Pune Supergiant,0,7,SPD Smith,Maharashtra Cricket Association Stadium,A Nand Kishore,S Ravi,,2017,6,normal,1,Mumbai Indians,0
3,IPL-2017,Rajkot,2017-07-04,Gujarat Lions,Kolkata Knight Riders,Kolkata Knight Riders,field,normal,0,Kolkata Knight Riders,0,10,CA Lynn,Saurashtra Cricket Association Stadium,Nitin Menon,CK Nandan,,2017,7,normal,1,Gujarat Lions,0
4,IPL-2017,Indore,2017-08-04,Rising Pune Supergiant,Punjab Kings,Punjab Kings,field,normal,0,Punjab Kings,0,6,GJ Maxwell,Holkar Cricket Stadium,AK Chaudhary,C Shamshuddin,,2017,8,normal,1,Rising Pune Supergiant,0
5,IPL-2017,Bangalore,2017-08-04,Royal Challengers Bangalore,Delhi Capitals,Royal Challengers Bangalore,bat,normal,0,Royal Challengers Bangalore,15,0,KM Jadhav,M Chinnaswamy Stadium,,,,2017,8,normal,1,Royal Challengers Bangalore,1
6,IPL-2017,Hyderabad,2017-09-04,Gujarat Lions,Sunrisers Hyderabad,Sunrisers Hyderabad,field,normal,0,Sunrisers Hyderabad,0,9,Rashid Khan,"Rajiv Gandhi International Stadium, Uppal",A Deshmukh,NJ Llong,,2017,9,normal,1,Gujarat Lions,0
7,IPL-2017,Mumbai,2017-09-04,Kolkata Knight Riders,Mumbai Indians,Mumbai Indians,field,normal,0,Mumbai Indians,0,4,N Rana,Wankhede Stadium,Nitin Menon,CK Nandan,,2017,9,normal,1,Kolkata Knight Riders,0
8,IPL-2017,Indore,2017-10-04,Royal Challengers Bangalore,Punjab Kings,Royal Challengers Bangalore,bat,normal,0,Punjab Kings,0,8,AR Patel,Holkar Cricket Stadium,AK Chaudhary,C Shamshuddin,,2017,10,normal,0,Royal Challengers Bangalore,0
9,IPL-2017,Pune,2017-11-04,Delhi Capitals,Rising Pune Supergiant,Rising Pune Supergiant,field,normal,0,Delhi Capitals,97,0,SV Samson,Maharashtra Cricket Association Stadium,AY Dandekar,S Ravi,,2017,11,normal,0,Delhi Capitals,1
10,IPL-2017,Mumbai,2017-12-04,Sunrisers Hyderabad,Mumbai Indians,Mumbai Indians,field,normal,0,Mumbai Indians,0,4,JJ Bumrah,Wankhede Stadium,Nitin Menon,CK Nandan,,2017,12,normal,1,Sunrisers Hyderabad,0
11,IPL-2017,Kolkata,2017-04-13,Punjab Kings,Kolkata Knight Riders,Kolkata Knight Riders,field,normal,0,Kolkata Knight Riders,0,8,SP Narine,Eden Gardens,A Deshmukh,NJ Llong,,2017,4,normal,1,Punjab Kings,0
12,IPL-2017,Bangalore,2017-04-14,Royal Challengers Bangalore,Mumbai Indians,Mumbai Indians,field,normal,0,Mumbai Indians,0,4,KA Pollard,M Chinnaswamy Stadium,KN Ananthapadmanabhan,AK Chaudhary,,2017,4,normal,1,Royal Challengers Bangalore,0
13,IPL-2017,Rajkot,2017-04-14,Rising Pune Supergiant,Gujarat Lions,Gujarat Lions,field,normal,0,Gujarat Lions,0,7,AJ Tye,Saurashtra Cricket Association Stadium,A Nand Kishore,S Ravi,,2017,4,normal,1,Rising Pune Supergiant,0
14,IPL-2017,Kolkata,2017-04-15,Kolkata Knight Riders,Sunrisers Hyderabad,Sunrisers Hyderabad,field,normal,0,Kolkata Knight Riders,17,0,RV Uthappa,Eden Gardens,AY Dandekar,NJ Llong,,2017,4,normal,0,Kolkata Knight Riders,1
15,IPL-2017,Delhi,2017-04-15,Delhi Capitals,Punjab Kings,Delhi Capitals,bat,normal,0,Delhi Capitals,51,0,CJ Anderson,Feroz Shah Kotla,YC Barde,Nitin Menon,,2017,4,normal,1,Delhi Capitals,1
16,IPL-2017,Mumbai,2017-04-16,Gujarat Lions,Mumbai Indians,Mumbai Indians,field,normal,0,Mumbai Indians,0,6,N Rana,Wankhede Stadium,A Nand Kishore,S Ravi,,2017,4,normal,1,Gujarat Lions,0
17,IPL-2017,Bangalore,2017-04-16,Rising Pune Supergiant,Royal Challengers Bangalore,Royal Challengers Bangalore,field,normal,0,Rising Pune Supergiant,27,0,BA Stokes,M Chinnaswamy Stadium,KN Ananthapadmanabhan,C Shamshuddin,,2017,4,normal,0,Rising Pune Supergiant,1
18,IPL-2017,Delhi,2017-04-17,Delhi Capitals,Kolkata Knight Riders,Delhi Capitals,bat,normal,0,Kolkata Knight Riders,0,4,NM Coulter-Nile,Feroz Shah Kotla,Nitin Menon,CK Nandan,,2017,4,normal,0,Delhi Capitals,0
19,IPL-2017,Hyderabad,2017-04-17,Sunrisers Hyderabad,Punjab Kings,Punjab Kings,field,normal,0,Sunrisers Hyderabad,5,0,B Kumar,"Rajiv Gandhi International Stadium, Uppal",AY Dandekar,A Deshmukh,,2017,4,normal,0,Sunrisers Hyderabad,1
20,IPL-2017,Rajkot,2017-04-18,Royal Challengers Bangalore,Gujarat Lions,Gujarat Lions,field,normal,0,Royal Challengers Bangalore,21,0,CH Gayle,Saurashtra Cricket Association Stadium,S Ravi,VK Sharma,,2017,4,normal,0,Royal Challengers Bangalore,1
21,IPL-2017,Hyderabad,2017-04-19,Sunrisers Hyderabad,Delhi Capitals,Sunrisers Hyderabad,bat,normal,0,Sunrisers Hyderabad,15,0,KS Williamson,"Rajiv Gandhi International Stadium, Uppal",CB Gaffaney,NJ Llong,,2017,4,normal,1,Sunrisers Hyderabad,1
22,IPL-2017,Indore,2017-04-20,Punjab Kings,Mumbai Indians,Mumbai Indians,field,normal,0,Mumbai Indians,0,8,JC Buttler,Holkar Cricket Stadium,M Erasmus,C Shamshuddin,,2017,4,normal,1,Punjab Kings,0
23,IPL-2017,Kolkata,2017-04-21,Kolkata Knight Riders,Gujarat Lions,Gujarat Lions,field,normal,0,Gujarat Lions,0,4,SK Raina,Eden Gardens,CB Gaffaney,Nitin Menon,,2017,4,normal,1,Kolkata Knight Riders,0
24,IPL-2017,Mumbai,2017-04-22,Mumbai Indians,Delhi Capitals,Delhi Capitals,field,normal,0,Mumbai Indians,14,0,MJ McClenaghan,Wankhede Stadium,A Nand Kishore,S Ravi,,2017,4,normal,0,Mumbai Indians,1
25,IPL-2017,Pune,2017-04-22,Sunrisers Hyderabad,Rising Pune Supergiant,Rising Pune Supergiant,field,normal,0,Rising Pune Supergiant,0,6,MS Dhoni,Maharashtra Cricket Association Stadium,AY Dandekar,A Deshmukh,,2017,4,normal,1,Sunrisers Hyderabad,0
26,IPL-2017,Rajkot,2017-04-23,Punjab Kings,Gujarat Lions,Gujarat Lions,field,normal,0,Punjab Kings,26,0,HM Amla,Saurashtra Cricket Association Stadium,AK Chaudhary,M Erasmus,,2017,4,normal,0,Punjab Kings,1
27,IPL-2017,Kolkata,2017-04-23,Kolkata Knight Riders,Royal Challengers Bangalore,Royal Challengers Bangalore,field,normal,0,Kolkata Knight Riders,82,0,NM Coulter-Nile,Eden Gardens,CB Gaffaney,CK Nandan,,2017,4,normal,0,Kolkata Knight Riders,1
28,IPL-2017,Mumbai,2017-04-24,Rising Pune Supergiant,Mumbai Indians,Mumbai Indians,field,normal,0,Rising Pune Supergiant,3,0,BA Stokes,Wankhede Stadium,A Nand Kishore,S Ravi,,2017,4,normal,0,Rising Pune Supergiant,1
29,IPL-2017,Pune,2017-04-26,Rising Pune Supergiant,Kolkata Knight Riders,Kolkata Knight Riders,field,normal,0,Kolkata Knight Riders,0,7,RV Uthappa,Maharashtra Cricket Association Stadium,AY Dandekar,NJ Llong,,2017,4,normal,1,Rising Pune Supergiant,0
30,IPL-2017,Bangalore,2017-04-27,Royal Challengers Bangalore,Gujarat Lions,Gujarat Lions,field,normal,0,Gujarat Lions,0,7,AJ Tye,M Chinnaswamy Stadium,AK Chaudhary,C Shamshuddin,,2017,4,normal,1,Royal Challengers Bangalore,0
31,IPL-2017,Kolkata,2017-04-28,Delhi Capitals,Kolkata Knight Riders,Kolkata Knight Riders,field,normal,0,Kolkata Knight Riders,0,7,G Gambhir,Eden Gardens,NJ Llong,S Ravi,,2017,4,normal,1,Delhi Capitals,0
32,IPL-2017,Chandigarh,2017-04-28,Sunrisers Hyderabad,Punjab Kings,Punjab Kings,field,normal,0,Sunrisers Hyderabad,26,0,Rashid Khan,"Punjab Cricket Association IS Bindra Stadium, Mohali",Nitin Menon,CK Nandan,,2017,4,normal,0,Sunrisers Hyderabad,1
33,IPL-2017,Pune,2017-04-29,Rising Pune Supergiant,Royal Challengers Bangalore,Royal Challengers Bangalore,field,normal,0,Rising Pune Supergiant,61,0,LH Ferguson,Maharashtra Cricket Association Stadium,KN Ananthapadmanabhan,M Erasmus,,2017,4,normal,0,Rising Pune Supergiant,1
35,IPL-2017,Chandigarh,2017-04-30,Delhi Capitals,Punjab Kings,Punjab Kings,field,normal,0,Punjab Kings,0,10,Sandeep Sharma,"Punjab Cricket Association IS Bindra Stadium, Mohali",YC Barde,CK Nandan,,2017,4,normal,1,Delhi Capitals,0
36,IPL-2017,Hyderabad,2017-04-30,Sunrisers Hyderabad,Kolkata Knight Riders,Kolkata Knight Riders,field,normal,0,Sunrisers Hyderabad,48,0,DA Warner,"Rajiv Gandhi International Stadium, Uppal",AY Dandekar,S Ravi,,2017,4,normal,0,Sunrisers Hyderabad,1
37,IPL-2017,Mumbai,2017-01-05,Royal Challengers Bangalore,Mumbai Indians,Royal Challengers Bangalore,bat,normal,0,Mumbai Indians,0,5,RG Sharma,Wankhede Stadium,AK Chaudhary,CB Gaffaney,,2017,1,normal,0,Royal Challengers Bangalore,0
38,IPL-2017,Pune,2017-01-05,Gujarat Lions,Rising Pune Supergiant,Rising Pune Supergiant,field,normal,0,Rising Pune Supergiant,0,5,BA Stokes,Maharashtra Cricket Association Stadium,M Erasmus,C Shamshuddin,,2017,1,normal,1,Gujarat Lions,0
39,IPL-2017,Delhi,2017-02-05,Sunrisers Hyderabad,Delhi Capitals,Delhi Capitals,field,normal,0,Delhi Capitals,0,6,Mohammed Shami,Feroz Shah Kotla,YC Barde,Nitin Menon,,2017,2,normal,1,Sunrisers Hyderabad,0
40,IPL-2017,Kolkata,2017-03-05,Kolkata Knight Riders,Rising Pune Supergiant,Rising Pune Supergiant,field,normal,0,Rising Pune Supergiant,0,4,RA Tripathi,Eden Gardens,KN Ananthapadmanabhan,A Nand Kishore,,2017,3,normal,1,Kolkata Knight Riders,0
41,IPL-2017,Delhi,2017-04-05,Gujarat Lions,Delhi Capitals,Delhi Capitals,field,normal,0,Delhi Capitals,0,7,RR Pant,Feroz Shah Kotla,M Erasmus,Nitin Menon,,2017,4,normal,1,Gujarat Lions,0
42,IPL-2017,Bangalore,2017-05-05,Punjab Kings,Royal Challengers Bangalore,Royal Challengers Bangalore,field,normal,0,Punjab Kings,19,0,Sandeep Sharma,M Chinnaswamy Stadium,CB Gaffaney,C Shamshuddin,,2017,5,normal,0,Punjab Kings,1
43,IPL-2017,Hyderabad,2017-06-05,Rising Pune Supergiant,Sunrisers Hyderabad,Sunrisers Hyderabad,field,normal,0,Rising Pune Supergiant,12,0,JD Unadkat,"Rajiv Gandhi International Stadium, Uppal",KN Ananthapadmanabhan,AK Chaudhary,,2017,6,normal,0,Rising Pune Supergiant,1
44,IPL-2017,Delhi,2017-06-05,Mumbai Indians,Delhi Capitals,Delhi Capitals,field,normal,0,Mumbai Indians,146,0,LMP Simmons,Feroz Shah Kotla,Nitin Menon,CK Nandan,,2017,6,normal,0,Mumbai Indians,1
45,IPL-2017,Bangalore,2017-07-05,Royal Challengers Bangalore,Kolkata Knight Riders,Kolkata Knight Riders,field,normal,0,Kolkata Knight Riders,0,6,SP Narine,M Chinnaswamy Stadium,AY Dandekar,C Shamshuddin,,2017,7,normal,1,Royal Challengers Bangalore,0
46,IPL-2017,Chandigarh,2017-07-05,Punjab Kings,Gujarat Lions,Gujarat Lions,field,normal,0,Gujarat Lions,0,6,DR Smith,"Punjab Cricket Association IS Bindra Stadium, Mohali",A Nand Kishore,VK Sharma,,2017,7,normal,1,Punjab Kings,0
47,IPL-2017,Hyderabad,2017-08-05,Mumbai Indians,Sunrisers Hyderabad,Mumbai Indians,bat,normal,0,Sunrisers Hyderabad,0,7,S Dhawan,"Rajiv Gandhi International Stadium, Uppal",KN Ananthapadmanabhan,M Erasmus,,2017,8,normal,0,Mumbai Indians,0
48,IPL-2017,Chandigarh,2017-09-05,Punjab Kings,Kolkata Knight Riders,Kolkata Knight Riders,field,normal,0,Punjab Kings,14,0,MM Sharma,"Punjab Cricket Association IS Bindra Stadium, Mohali",A Nand Kishore,S Ravi,,2017,9,normal,0,Punjab Kings,1
49,IPL-2017,Kanpur,2017-10-05,Gujarat Lions,Delhi Capitals,Delhi Capitals,field,normal,0,Delhi Capitals,0,2,SS Iyer,Green Park,YC Barde,AK Chaudhary,,2017,10,normal,1,Gujarat Lions,0
50,IPL-2017,Mumbai,2017-11-05,Punjab Kings,Mumbai Indians,Mumbai Indians,field,normal,0,Punjab Kings,7,0,WP Saha,Wankhede Stadium,A Deshmukh,A Nand Kishore,,2017,11,normal,0,Punjab Kings,1
51,IPL-2017,Delhi,2017-12-05,Delhi Capitals,Rising Pune Supergiant,Delhi Capitals,bat,normal,0,Delhi Capitals,7,0,KK Nair,Feroz Shah Kotla,KN Ananthapadmanabhan,CK Nandan,,2017,12,normal,1,Delhi Capitals,1
52,IPL-2017,Kanpur,2017-05-13,Gujarat Lions,Sunrisers Hyderabad,Sunrisers Hyderabad,field,normal,0,Sunrisers Hyderabad,0,8,Mohammed Siraj,Green Park,AK Chaudhary,Nitin Menon,,2017,5,normal,1,Gujarat Lions,0
53,IPL-2017,Kolkata,2017-05-13,Mumbai Indians,Kolkata Knight Riders,Kolkata Knight Riders,field,normal,0,Mumbai Indians,9,0,AT Rayudu,Eden Gardens,A Nand Kishore,S Ravi,,2017,5,normal,0,Mumbai Indians,1
54,IPL-2017,Pune,2017-05-14,Punjab Kings,Rising Pune Supergiant,Rising Pune Supergiant,field,normal,0,Rising Pune Supergiant,0,9,JD Unadkat,Maharashtra Cricket Association Stadium,AY Dandekar,A Deshmukh,,2017,5,normal,1,Punjab Kings,0
55,IPL-2017,Delhi,2017-05-14,Royal Challengers Bangalore,Delhi Capitals,Royal Challengers Bangalore,bat,normal,0,Royal Challengers Bangalore,10,0,HV Patel,Feroz Shah Kotla,CK Nandan,C Shamshuddin,,2017,5,normal,1,Royal Challengers Bangalore,1
56,IPL-2017,Mumbai,2017-05-16,Rising Pune Supergiant,Mumbai Indians,Mumbai Indians,field,normal,0,Rising Pune Supergiant,20,0,Washington Sundar,Wankhede Stadium,S Ravi,C Shamshuddin,,2017,5,normal,0,Rising Pune Supergiant,1
57,IPL-2017,Bangalore,2017-05-17,Sunrisers Hyderabad,Kolkata Knight Riders,Kolkata Knight Riders,field,normal,1,Kolkata Knight Riders,0,7,NM Coulter-Nile,M Chinnaswamy Stadium,AK Chaudhary,Nitin Menon,,2017,5,normal,1,Sunrisers Hyderabad,0
58,IPL-2017,Bangalore,2017-05-19,Kolkata Knight Riders,Mumbai Indians,Mumbai Indians,field,normal,0,Mumbai Indians,0,6,KV Sharma,M Chinnaswamy Stadium,NJ Llong,Nitin Menon,,2017,5,normal,1,Kolkata Knight Riders,0
59,IPL-2017,Hyderabad,2017-05-21,Mumbai Indians,Rising Pune Supergiant,Mumbai Indians,bat,normal,0,Mumbai Indians,1,0,KH Pandya,"Rajiv Gandhi International Stadium, Uppal",NJ Llong,S Ravi,,2017,5,normal,1,Mumbai Indians,1
60,IPL-2008,Bangalore,2008-04-18,Kolkata Knight Riders,Royal Challengers Bangalore,Royal Challengers Bangalore,field,normal,0,Kolkata Knight Riders,140,0,BB McCullum,M Chinnaswamy Stadium,Asad Rauf,RE Koertzen,,2008,4,normal,0,Kolkata Knight Riders,1
61,IPL-2008,Chandigarh,2008-04-19,Chennai Super Kings,Punjab Kings,Chennai Super Kings,bat,normal,0,Chennai Super Kings,33,0,MEK Hussey,"Punjab Cricket Association Stadium, Mohali",MR Benson,SL Shastri,,2008,4,normal,1,Chennai Super Kings,1
62,IPL-2008,Delhi,2008-04-19,Rajasthan Royals,Delhi Capitals,Rajasthan Royals,bat,normal,0,Delhi Capitals,0,9,MF Maharoof,Feroz Shah Kotla,Aleem Dar,GA Pratapkumar,,2008,4,normal,0,Rajasthan Royals,0
63,IPL-2008,Mumbai,2008-04-20,Mumbai Indians,Royal Challengers Bangalore,Mumbai Indians,bat,normal,0,Royal Challengers Bangalore,0,5,MV Boucher,Wankhede Stadium,SJ Davis,DJ Harper,,2008,4,normal,0,Mumbai Indians,0
64,IPL-2008,Kolkata,2008-04-20,Sunrisers Hyderabad,Kolkata Knight Riders,Sunrisers Hyderabad,bat,normal,0,Kolkata Knight Riders,0,5,DJ Hussey,Eden Gardens,BF Bowden,K Hariharan,,2008,4,normal,0,Sunrisers Hyderabad,0
65,IPL-2008,Jaipur,2008-04-21,Punjab Kings,Rajasthan Royals,Punjab Kings,bat,normal,0,Rajasthan Royals,0,6,SR Watson,Sawai Mansingh Stadium,Aleem Dar,RB Tiffin,,2008,4,normal,0,Punjab Kings,0
66,IPL-2008,Hyderabad,2008-04-22,Sunrisers Hyderabad,Delhi Capitals,Sunrisers Hyderabad,bat,normal,0,Delhi Capitals,0,9,V Sehwag,"Rajiv Gandhi International Stadium, Uppal",IL Howell,AM Saheba,,2008,4,normal,0,Sunrisers Hyderabad,0
67,IPL-2008,Chennai,2008-04-23,Chennai Super Kings,Mumbai Indians,Mumbai Indians,field,normal,0,Chennai Super Kings,6,0,ML Hayden,"MA Chidambaram Stadium, Chepauk",DJ Harper,GA Pratapkumar,,2008,4,normal,0,Chennai Super Kings,1
68,IPL-2008,Hyderabad,2008-04-24,Sunrisers Hyderabad,Rajasthan Royals,Rajasthan Royals,field,normal,0,Rajasthan Royals,0,3,YK Pathan,"Rajiv Gandhi International Stadium, Uppal",Asad Rauf,MR Benson,,2008,4,normal,1,Sunrisers Hyderabad,0
69,IPL-2008,Chandigarh,2008-04-25,Punjab Kings,Mumbai Indians,Mumbai Indians,field,normal,0,Punjab Kings,66,0,KC Sangakkara,"Punjab Cricket Association Stadium, Mohali",Aleem Dar,AM Saheba,,2008,4,normal,0,Punjab Kings,1
70,IPL-2008,Bangalore,2008-04-26,Royal Challengers Bangalore,Rajasthan Royals,Rajasthan Royals,field,normal,0,Rajasthan Royals,0,7,SR Watson,M Chinnaswamy Stadium,MR Benson,IL Howell,,2008,4,normal,1,Royal Challengers Bangalore,0
71,IPL-2008,Chennai,2008-04-26,Kolkata Knight Riders,Chennai Super Kings,Kolkata Knight Riders,bat,normal,0,Chennai Super Kings,0,9,JDP Oram,"MA Chidambaram Stadium, Chepauk",BF Bowden,AV Jayaprakash,,2008,4,normal,0,Kolkata Knight Riders,0
72,IPL-2008,Mumbai,2008-04-27,Mumbai Indians,Sunrisers Hyderabad,Sunrisers Hyderabad,field,normal,0,Sunrisers Hyderabad,0,10,AC Gilchrist,Dr DY Patil Sports Academy,Asad Rauf,SL Shastri,,2008,4,normal,1,Mumbai Indians,0
73,IPL-2008,Chandigarh,2008-04-27,Delhi Capitals,Punjab Kings,Delhi Capitals,bat,normal,0,Punjab Kings,0,4,SM Katich,"Punjab Cricket Association Stadium, Mohali",RE Koertzen,I Shivram,,2008,4,normal,0,Delhi Capitals,0
74,IPL-2008,Bangalore,2008-04-28,Chennai Super Kings,Royal Challengers Bangalore,Chennai Super Kings,bat,normal,0,Chennai Super Kings,13,0,MS Dhoni,M Chinnaswamy Stadium,BR Doctrove,RB Tiffin,,2008,4,normal,1,Chennai Super Kings,1
75,IPL-2008,Kolkata,2008-04-29,Kolkata Knight Riders,Mumbai Indians,Kolkata Knight Riders,bat,normal,0,Mumbai Indians,0,7,ST Jayasuriya,Eden Gardens,BF Bowden,AV Jayaprakash,,2008,4,normal,0,Kolkata Knight Riders,0
76,IPL-2008,Delhi,2008-04-30,Delhi Capitals,Royal Challengers Bangalore,Royal Challengers Bangalore,field,normal,0,Delhi Capitals,10,0,GD McGrath,Feroz Shah Kotla,Aleem Dar,I Shivram,,2008,4,normal,0,Delhi Capitals,1
77,IPL-2008,Hyderabad,2008-01-05,Sunrisers Hyderabad,Punjab Kings,Punjab Kings,field,normal,0,Punjab Kings,0,7,SE Marsh,"Rajiv Gandhi International Stadium, Uppal",BR Doctrove,RB Tiffin,,2008,1,normal,1,Sunrisers Hyderabad,0
78,IPL-2008,Jaipur,2008-01-05,Rajasthan Royals,Kolkata Knight Riders,Rajasthan Royals,bat,normal,0,Rajasthan Royals,45,0,SA Asnodkar,Sawai Mansingh Stadium,RE Koertzen,GA Pratapkumar,,2008,1,normal,1,Rajasthan Royals,1
79,IPL-2008,Chennai,2008-02-05,Chennai Super Kings,Delhi Capitals,Chennai Super Kings,bat,normal,0,Delhi Capitals,0,8,V Sehwag,"MA Chidambaram Stadium, Chepauk",BF Bowden,K Hariharan,,2008,2,normal,0,Chennai Super Kings,0
80,IPL-2008,Hyderabad,2008-05-25,Sunrisers Hyderabad,Royal Challengers Bangalore,Sunrisers Hyderabad,bat,normal,0,Royal Challengers Bangalore,0,5,R Vinay Kumar,"Rajiv Gandhi International Stadium, Uppal",Asad Rauf,RE Koertzen,,2008,5,normal,0,Sunrisers Hyderabad,0
81,IPL-2008,Chandigarh,2008-03-05,Punjab Kings,Kolkata Knight Riders,Punjab Kings,bat,normal,0,Punjab Kings,9,0,IK Pathan,"Punjab Cricket Association Stadium, Mohali",DJ Harper,I Shivram,,2008,3,normal,1,Punjab Kings,1
82,IPL-2008,Mumbai,2008-04-05,Mumbai Indians,Delhi Capitals,Delhi Capitals,field,normal,0,Mumbai Indians,29,0,SM Pollock,Dr DY Patil Sports Academy,IL Howell,RE Koertzen,,2008,4,normal,0,Mumbai Indians,1
83,IPL-2008,Jaipur,2008-04-05,Chennai Super Kings,Rajasthan Royals,Chennai Super Kings,bat,normal,0,Rajasthan Royals,0,8,Sohail Tanvir,Sawai Mansingh Stadium,Asad Rauf,AV Jayaprakash,,2008,4,normal,0,Chennai Super Kings,0
84,IPL-2008,Bangalore,2008-05-05,Royal Challengers Bangalore,Punjab Kings,Punjab Kings,field,normal,0,Punjab Kings,0,6,S Sreesanth,M Chinnaswamy Stadium,SJ Davis,BR Doctrove,,2008,5,normal,1,Royal Challengers Bangalore,0
85,IPL-2008,Chennai,2008-06-05,Chennai Super Kings,Sunrisers Hyderabad,Sunrisers Hyderabad,field,normal,0,Sunrisers Hyderabad,0,7,AC Gilchrist,"MA Chidambaram Stadium, Chepauk",MR Benson,RB Tiffin,,2008,6,normal,1,Chennai Super Kings,0
86,IPL-2008,Mumbai,2008-07-05,Rajasthan Royals,Mumbai Indians,Mumbai Indians,field,normal,0,Mumbai Indians,0,7,A Nehra,Dr DY Patil Sports Academy,DJ Harper,RE Koertzen,,2008,7,normal,1,Rajasthan Royals,0
87,IPL-2008,Delhi,2008-08-05,Delhi Capitals,Chennai Super Kings,Chennai Super Kings,field,normal,0,Chennai Super Kings,0,4,MS Dhoni,Feroz Shah Kotla,Aleem Dar,RB Tiffin,,2008,8,normal,1,Delhi Capitals,0
88,IPL-2008,Kolkata,2008-08-05,Kolkata Knight Riders,Royal Challengers Bangalore,Kolkata Knight Riders,bat,normal,0,Kolkata Knight Riders,5,0,SC Ganguly,Eden Gardens,Asad Rauf,IL Howell,,2008,8,normal,1,Kolkata Knight Riders,1
89,IPL-2008,Jaipur,2008-09-05,Sunrisers Hyderabad,Rajasthan Royals,Rajasthan Royals,field,normal,0,Rajasthan Royals,0,8,YK Pathan,Sawai Mansingh Stadium,MR Benson,AM Saheba,,2008,9,normal,1,Sunrisers Hyderabad,0
90,IPL-2008,Bangalore,2008-05-28,Royal Challengers Bangalore,Mumbai Indians,Mumbai Indians,field,normal,0,Mumbai Indians,0,9,CRD Fernando,M Chinnaswamy Stadium,BF Bowden,AV Jayaprakash,,2008,5,normal,1,Royal Challengers Bangalore,0
91,IPL-2008,Chennai,2008-10-05,Chennai Super Kings,Punjab Kings,Punjab Kings,field,normal,0,Chennai Super Kings,18,0,L Balaji,"MA Chidambaram Stadium, Chepauk",AV Jayaprakash,BG Jerling,,2008,10,normal,0,Chennai Super Kings,1
92,IPL-2008,Hyderabad,2008-11-05,Kolkata Knight Riders,Sunrisers Hyderabad,Kolkata Knight Riders,bat,normal,0,Kolkata Knight Riders,23,0,SC Ganguly,"Rajiv Gandhi International Stadium, Uppal",IL Howell,AM Saheba,,2008,11,normal,1,Kolkata Knight Riders,1
93,IPL-2008,Jaipur,2008-11-05,Delhi Capitals,Rajasthan Royals,Rajasthan Royals,field,normal,0,Rajasthan Royals,0,3,SR Watson,Sawai Mansingh Stadium,SJ Davis,RE Koertzen,,2008,11,normal,1,Delhi Capitals,0
94,IPL-2008,Chandigarh,2008-12-05,Royal Challengers Bangalore,Punjab Kings,Royal Challengers Bangalore,bat,normal,0,Punjab Kings,0,9,SE Marsh,"Punjab Cricket Association Stadium, Mohali",BR Doctrove,I Shivram,,2008,12,normal,0,Royal Challengers Bangalore,0
95,IPL-2008,Kolkata,2008-05-13,Kolkata Knight Riders,Delhi Capitals,Kolkata Knight Riders,bat,normal,0,Kolkata Knight Riders,23,0,Shoaib Akhtar,Eden Gardens,Asad Rauf,IL Howell,,2008,5,normal,1,Kolkata Knight Riders,1
96,IPL-2008,Mumbai,2008-05-14,Chennai Super Kings,Mumbai Indians,Mumbai Indians,field,normal,0,Mumbai Indians,0,9,ST Jayasuriya,Wankhede Stadium,BR Doctrove,AM Saheba,,2008,5,normal,1,Chennai Super Kings,0
97,IPL-2008,Chandigarh,2008-05-28,Punjab Kings,Rajasthan Royals,Rajasthan Royals,field,normal,0,Punjab Kings,41,0,SE Marsh,"Punjab Cricket Association Stadium, Mohali",SJ Davis,K Hariharan,,2008,5,normal,0,Punjab Kings,1
98,IPL-2008,Delhi,2008-05-15,Delhi Capitals,Sunrisers Hyderabad,Sunrisers Hyderabad,field,normal,0,Delhi Capitals,12,0,A Mishra,Feroz Shah Kotla,BG Jerling,GA Pratapkumar,,2008,5,normal,0,Delhi Capitals,1
99,IPL-2008,Mumbai,2008-05-16,Kolkata Knight Riders,Mumbai Indians,Mumbai Indians,field,normal,0,Mumbai Indians,0,8,SM Pollock,Wankhede Stadium,BR Doctrove,DJ Harper,,2008,5,normal,1,Kolkata Knight Riders,0
100,IPL-2008,Delhi,2008-05-17,Delhi Capitals,Punjab Kings,Delhi Capitals,bat,normal,1,Punjab Kings,6,0,DPMD Jayawardene,Feroz Shah Kotla,AV Jayaprakash,RE Koertzen,,2008,5,normal,0,Delhi Capitals,0
101,IPL-2008,Jaipur,2008-05-17,Rajasthan Royals,Royal Challengers Bangalore,Royal Challengers Bangalore,field,normal,0,Rajasthan Royals,65,0,GC Smith,Sawai Mansingh Stadium,BF Bowden,SL Shastri,,2008,5,normal,0,Rajasthan Royals,1
102,IPL-2008,Hyderabad,2008-05-18,Mumbai Indians,Sunrisers Hyderabad,Sunrisers Hyderabad,field,normal,0,Mumbai Indians,25,0,DJ Bravo,"Rajiv Gandhi International Stadium, Uppal",BR Doctrove,DJ Harper,,2008,5,normal,0,Mumbai Indians,1
103,IPL-2008,Kolkata,2008-05-18,Kolkata Knight Riders,Chennai Super Kings,Kolkata Knight Riders,bat,normal,1,Chennai Super Kings,3,0,M Ntini,Eden Gardens,Asad Rauf,K Hariharan,,2008,5,normal,0,Kolkata Knight Riders,0
104,IPL-2008,Bangalore,2008-05-19,Royal Challengers Bangalore,Delhi Capitals,Delhi Capitals,field,normal,0,Delhi Capitals,0,5,SP Goswami,M Chinnaswamy Stadium,SJ Davis,GA Pratapkumar,,2008,5,normal,1,Royal Challengers Bangalore,0
105,IPL-2008,Kolkata,2008-05-20,Kolkata Knight Riders,Rajasthan Royals,Rajasthan Royals,field,normal,0,Rajasthan Royals,0,6,YK Pathan,Eden Gardens,BG Jerling,RE Koertzen,,2008,5,normal,1,Kolkata Knight Riders,0
106,IPL-2008,Mumbai,2008-05-21,Punjab Kings,Mumbai Indians,Mumbai Indians,field,normal,0,Punjab Kings,1,0,SE Marsh,Wankhede Stadium,BF Bowden,GA Pratapkumar,,2008,5,normal,0,Punjab Kings,1
107,IPL-2008,Chennai,2008-05-21,Royal Challengers Bangalore,Chennai Super Kings,Royal Challengers Bangalore,bat,normal,0,Royal Challengers Bangalore,14,0,A Kumble,"MA Chidambaram Stadium, Chepauk",DJ Harper,I Shivram,,2008,5,normal,1,Royal Challengers Bangalore,1
108,IPL-2008,Chandigarh,2008-05-23,Sunrisers Hyderabad,Punjab Kings,Punjab Kings,field,normal,0,Punjab Kings,0,6,SE Marsh,"Punjab Cricket Association Stadium, Mohali",Asad Rauf,SJ Davis,,2008,5,normal,1,Sunrisers Hyderabad,0
109,IPL-2008,Delhi,2008-05-24,Mumbai Indians,Delhi Capitals,Delhi Capitals,field,normal,0,Delhi Capitals,0,5,KD Karthik,Feroz Shah Kotla,BF Bowden,K Hariharan,,2008,5,normal,1,Mumbai Indians,0
110,IPL-2008,Chennai,2008-05-24,Rajasthan Royals,Chennai Super Kings,Rajasthan Royals,bat,normal,0,Rajasthan Royals,10,0,JA Morkel,"MA Chidambaram Stadium, Chepauk",DJ Harper,SL Shastri,,2008,5,normal,1,Rajasthan Royals,1
111,IPL-2008,Bangalore,2008-03-05,Royal Challengers Bangalore,Sunrisers Hyderabad,Sunrisers Hyderabad,field,normal,0,Royal Challengers Bangalore,3,0,P Kumar,M Chinnaswamy Stadium,BR Doctrove,SL Shastri,,2008,3,normal,0,Royal Challengers Bangalore,1
112,IPL-2008,Kolkata,2008-05-25,Punjab Kings,Kolkata Knight Riders,Punjab Kings,bat,normal,0,Kolkata Knight Riders,0,3,Umar Gul,Eden Gardens,SJ Davis,I Shivram,,2008,5,normal,0,Punjab Kings,0
113,IPL-2008,Jaipur,2008-05-26,Mumbai Indians,Rajasthan Royals,Rajasthan Royals,field,normal,0,Rajasthan Royals,0,5,Sohail Tanvir,Sawai Mansingh Stadium,BF Bowden,K Hariharan,,2008,5,normal,1,Mumbai Indians,0
114,IPL-2008,Hyderabad,2008-05-27,Sunrisers Hyderabad,Chennai Super Kings,Sunrisers Hyderabad,bat,normal,0,Chennai Super Kings,0,7,SK Raina,"Rajiv Gandhi International Stadium, Uppal",BG Jerling,AM Saheba,,2008,5,normal,0,Sunrisers Hyderabad,0
115,IPL-2008,Mumbai,2008-05-30,Rajasthan Royals,Delhi Capitals,Delhi Capitals,field,normal,0,Rajasthan Royals,105,0,SR Watson,Wankhede Stadium,BF Bowden,RE Koertzen,,2008,5,normal,0,Rajasthan Royals,1
116,IPL-2008,Mumbai,2008-05-31,Punjab Kings,Chennai Super Kings,Punjab Kings,bat,normal,0,Chennai Super Kings,0,9,M Ntini,Wankhede Stadium,Asad Rauf,DJ Harper,,2008,5,normal,0,Punjab Kings,0
117,IPL-2008,Mumbai,2008-01-06,Chennai Super Kings,Rajasthan Royals,Rajasthan Royals,field,normal,0,Rajasthan Royals,0,3,YK Pathan,Dr DY Patil Sports Academy,BF Bowden,RE Koertzen,,2008,1,normal,1,Chennai Super Kings,0
118,IPL-2009,Cape Town,2009-04-18,Mumbai Indians,Chennai Super Kings,Chennai Super Kings,field,normal,0,Mumbai Indians,19,0,SR Tendulkar,Newlands,BR Doctrove,K Hariharan,,2009,4,normal,0,Mumbai Indians,1
119,IPL-2009,Cape Town,2009-04-18,Royal Challengers Bangalore,Rajasthan Royals,Royal Challengers Bangalore,bat,normal,0,Royal Challengers Bangalore,75,0,R Dravid,Newlands,BR Doctrove,RB Tiffin,,2009,4,normal,1,Royal Challengers Bangalore,1
120,IPL-2009,Cape Town,2009-04-19,Punjab Kings,Delhi Capitals,Delhi Capitals,field,normal,1,Delhi Capitals,0,10,DL Vettori,Newlands,MR Benson,SD Ranade,,2009,4,normal,1,Punjab Kings,0
121,IPL-2009,Cape Town,2009-04-19,Kolkata Knight Riders,Sunrisers Hyderabad,Kolkata Knight Riders,bat,normal,0,Sunrisers Hyderabad,0,8,RP Singh,Newlands,MR Benson,BR Doctrove,,2009,4,normal,0,Kolkata Knight Riders,0
122,IPL-2009,Port Elizabeth,2009-04-20,Chennai Super Kings,Royal Challengers Bangalore,Chennai Super Kings,bat,normal,0,Chennai Super Kings,92,0,M Muralitharan,St George's Park,BG Jerling,SJA Taufel,,2009,4,normal,1,Chennai Super Kings,1
123,IPL-2009,Durban,2009-04-21,Punjab Kings,Kolkata Knight Riders,Kolkata Knight Riders,field,normal,1,Kolkata Knight Riders,11,0,CH Gayle,Kingsmead,DJ Harper,SD Ranade,,2009,4,normal,1,Punjab Kings,0
124,IPL-2009,Cape Town,2009-04-22,Sunrisers Hyderabad,Royal Challengers Bangalore,Sunrisers Hyderabad,bat,normal,0,Sunrisers Hyderabad,24,0,AC Gilchrist,Newlands,M Erasmus,AM Saheba,,2009,4,normal,1,Sunrisers Hyderabad,1
125,IPL-2009,Durban,2009-04-23,Delhi Capitals,Chennai Super Kings,Delhi Capitals,bat,normal,0,Delhi Capitals,9,0,AB de Villiers,Kingsmead,BR Doctrove,SJA Taufel,,2009,4,normal,1,Delhi Capitals,1
127,IPL-2009,Durban,2009-04-24,Royal Challengers Bangalore,Punjab Kings,Royal Challengers Bangalore,bat,normal,0,Punjab Kings,0,7,RS Bopara,Kingsmead,BR Doctrove,TH Wijewardene,,2009,4,normal,0,Royal Challengers Bangalore,0
128,IPL-2009,Durban,2009-04-25,Sunrisers Hyderabad,Mumbai Indians,Sunrisers Hyderabad,bat,normal,0,Sunrisers Hyderabad,12,0,PP Ojha,Kingsmead,HDPK Dharmasena,SJA Taufel,,2009,4,normal,1,Sunrisers Hyderabad,1
129,IPL-2009,Port Elizabeth,2009-04-26,Royal Challengers Bangalore,Delhi Capitals,Royal Challengers Bangalore,bat,normal,0,Delhi Capitals,0,6,TM Dilshan,St George's Park,S Asnani,BG Jerling,,2009,4,normal,0,Royal Challengers Bangalore,0
130,IPL-2009,Cape Town,2009-04-26,Punjab Kings,Rajasthan Royals,Punjab Kings,bat,normal,0,Punjab Kings,27,0,KC Sangakkara,Newlands,M Erasmus,K Hariharan,,2009,4,normal,1,Punjab Kings,1
131,IPL-2009,Durban,2009-04-27,Chennai Super Kings,Sunrisers Hyderabad,Sunrisers Hyderabad,field,normal,0,Sunrisers Hyderabad,0,6,HH Gibbs,Kingsmead,IL Howell,TH Wijewardene,,2009,4,normal,1,Chennai Super Kings,0
132,IPL-2009,Port Elizabeth,2009-04-27,Mumbai Indians,Kolkata Knight Riders,Mumbai Indians,bat,normal,0,Mumbai Indians,92,0,SR Tendulkar,St George's Park,BG Jerling,RB Tiffin,,2009,4,normal,1,Mumbai Indians,1
133,IPL-2009,Centurion,2009-04-28,Delhi Capitals,Rajasthan Royals,Delhi Capitals,bat,normal,0,Rajasthan Royals,0,5,YK Pathan,SuperSport Park,GAV Baxter,RE Koertzen,,2009,4,normal,0,Delhi Capitals,0
134,IPL-2009,Durban,2009-04-29,Kolkata Knight Riders,Royal Challengers Bangalore,Kolkata Knight Riders,bat,normal,0,Royal Challengers Bangalore,0,5,MV Boucher,Kingsmead,MR Benson,TH Wijewardene,,2009,4,normal,0,Kolkata Knight Riders,0
135,IPL-2009,Durban,2009-04-29,Punjab Kings,Mumbai Indians,Punjab Kings,bat,normal,0,Punjab Kings,3,0,KC Sangakkara,Kingsmead,MR Benson,SL Shastri,,2009,4,normal,1,Punjab Kings,1
136,IPL-2009,Centurion,2009-04-30,Sunrisers Hyderabad,Delhi Capitals,Delhi Capitals,field,normal,0,Delhi Capitals,0,6,DP Nannes,SuperSport Park,GAV Baxter,AM Saheba,,2009,4,normal,1,Sunrisers Hyderabad,0
137,IPL-2009,Centurion,2009-04-30,Chennai Super Kings,Rajasthan Royals,Rajasthan Royals,field,normal,0,Chennai Super Kings,38,0,SK Raina,SuperSport Park,GAV Baxter,RE Koertzen,,2009,4,normal,0,Chennai Super Kings,1
138,IPL-2009,East London,2009-01-05,Mumbai Indians,Kolkata Knight Riders,Mumbai Indians,bat,normal,0,Mumbai Indians,9,0,JP Duminy,Buffalo Park,M Erasmus,SK Tarapore,,2009,1,normal,1,Mumbai Indians,1
139,IPL-2009,Durban,2009-01-05,Royal Challengers Bangalore,Punjab Kings,Royal Challengers Bangalore,bat,normal,0,Royal Challengers Bangalore,8,0,Yuvraj Singh,Kingsmead,HDPK Dharmasena,S Ravi,,2009,1,normal,1,Royal Challengers Bangalore,1
140,IPL-2009,Port Elizabeth,2009-02-05,Sunrisers Hyderabad,Rajasthan Royals,Sunrisers Hyderabad,bat,normal,0,Rajasthan Royals,0,3,YK Pathan,St George's Park,S Asnani,BG Jerling,,2009,2,normal,0,Sunrisers Hyderabad,0
141,IPL-2009,Johannesburg,2009-02-05,Chennai Super Kings,Delhi Capitals,Delhi Capitals,field,normal,0,Chennai Super Kings,18,0,SB Jakati,New Wanderers Stadium,DJ Harper,RE Koertzen,,2009,2,normal,0,Chennai Super Kings,1
142,IPL-2009,Port Elizabeth,2009-03-05,Kolkata Knight Riders,Punjab Kings,Kolkata Knight Riders,bat,normal,0,Punjab Kings,0,6,DPMD Jayawardene,St George's Park,S Asnani,MR Benson,,2009,3,normal,0,Kolkata Knight Riders,0
143,IPL-2009,Johannesburg,2009-03-05,Mumbai Indians,Royal Challengers Bangalore,Mumbai Indians,bat,normal,0,Royal Challengers Bangalore,0,9,JH Kallis,New Wanderers Stadium,RE Koertzen,TH Wijewardene,,2009,3,normal,0,Mumbai Indians,0
144,IPL-2009,East London,2009-04-05,Chennai Super Kings,Sunrisers Hyderabad,Chennai Super Kings,bat,normal,0,Chennai Super Kings,78,0,MS Dhoni,Buffalo Park,BR Doctrove,M Erasmus,,2009,4,normal,1,Chennai Super Kings,1
145,IPL-2009,Durban,2009-05-05,Rajasthan Royals,Punjab Kings,Punjab Kings,field,normal,0,Rajasthan Royals,78,0,GC Smith,Kingsmead,SS Hazare,IL Howell,,2009,5,normal,0,Rajasthan Royals,1
146,IPL-2009,Durban,2009-05-05,Kolkata Knight Riders,Delhi Capitals,Kolkata Knight Riders,bat,normal,0,Delhi Capitals,0,9,G Gambhir,Kingsmead,GAV Baxter,IL Howell,,2009,5,normal,0,Kolkata Knight Riders,0
147,IPL-2009,Centurion,2009-06-05,Sunrisers Hyderabad,Mumbai Indians,Sunrisers Hyderabad,bat,normal,0,Sunrisers Hyderabad,19,0,RG Sharma,SuperSport Park,MR Benson,HDPK Dharmasena,,2009,6,normal,1,Sunrisers Hyderabad,1
148,IPL-2009,Centurion,2009-07-05,Royal Challengers Bangalore,Rajasthan Royals,Rajasthan Royals,field,normal,0,Rajasthan Royals,0,7,A Singh,SuperSport Park,K Hariharan,DJ Harper,,2009,7,normal,1,Royal Challengers Bangalore,0
149,IPL-2009,Centurion,2009-07-05,Chennai Super Kings,Punjab Kings,Chennai Super Kings,bat,normal,1,Chennai Super Kings,12,0,ML Hayden,SuperSport Park,DJ Harper,TH Wijewardene,,2009,7,normal,1,Chennai Super Kings,1
150,IPL-2009,East London,2009-08-05,Mumbai Indians,Delhi Capitals,Mumbai Indians,bat,normal,0,Delhi Capitals,0,7,A Nehra,Buffalo Park,M Erasmus,SK Tarapore,,2009,8,normal,0,Mumbai Indians,0
151,IPL-2009,Kimberley,2009-09-05,Sunrisers Hyderabad,Punjab Kings,Punjab Kings,field,normal,0,Punjab Kings,0,3,DPMD Jayawardene,De Beers Diamond Oval,GAV Baxter,AM Saheba,,2009,9,normal,1,Sunrisers Hyderabad,0
152,IPL-2009,Kimberley,2009-09-05,Rajasthan Royals,Chennai Super Kings,Rajasthan Royals,bat,normal,0,Chennai Super Kings,0,7,S Badrinath,De Beers Diamond Oval,GAV Baxter,HDPK Dharmasena,,2009,9,normal,0,Rajasthan Royals,0
153,IPL-2009,Port Elizabeth,2009-10-05,Mumbai Indians,Royal Challengers Bangalore,Mumbai Indians,bat,normal,0,Mumbai Indians,16,0,JP Duminy,St George's Park,BR Doctrove,BG Jerling,,2009,10,normal,1,Mumbai Indians,1
154,IPL-2009,Johannesburg,2009-10-05,Kolkata Knight Riders,Delhi Capitals,Delhi Capitals,field,normal,0,Delhi Capitals,0,7,A Mishra,New Wanderers Stadium,SL Shastri,RB Tiffin,,2009,10,normal,1,Kolkata Knight Riders,0
155,IPL-2009,Kimberley,2009-11-05,Sunrisers Hyderabad,Rajasthan Royals,Sunrisers Hyderabad,bat,normal,0,Sunrisers Hyderabad,53,0,DR Smith,De Beers Diamond Oval,GAV Baxter,HDPK Dharmasena,,2009,11,normal,1,Sunrisers Hyderabad,1
156,IPL-2009,Centurion,2009-12-05,Kolkata Knight Riders,Royal Challengers Bangalore,Royal Challengers Bangalore,field,normal,0,Royal Challengers Bangalore,0,6,LRPL Taylor,SuperSport Park,M Erasmus,SS Hazare,,2009,12,normal,1,Kolkata Knight Riders,0
157,IPL-2009,Centurion,2009-12-05,Punjab Kings,Mumbai Indians,Punjab Kings,bat,normal,0,Mumbai Indians,0,8,Harbhajan Singh,SuperSport Park,SS Hazare,RE Koertzen,,2009,12,normal,0,Punjab Kings,0
158,IPL-2009,Durban,2009-05-13,Delhi Capitals,Sunrisers Hyderabad,Sunrisers Hyderabad,field,normal,0,Delhi Capitals,12,0,R Bhatia,Kingsmead,DJ Harper,SL Shastri,,2009,5,normal,0,Delhi Capitals,1
159,IPL-2009,Durban,2009-05-14,Chennai Super Kings,Royal Challengers Bangalore,Chennai Super Kings,bat,normal,0,Royal Challengers Bangalore,0,2,LRPL Taylor,Kingsmead,BR Doctrove,DJ Harper,,2009,5,normal,0,Chennai Super Kings,0
160,IPL-2009,Durban,2009-05-14,Rajasthan Royals,Mumbai Indians,Rajasthan Royals,bat,normal,0,Rajasthan Royals,2,0,SK Warne,Kingsmead,BR Doctrove,DJ Harper,,2009,5,normal,1,Rajasthan Royals,1
161,IPL-2009,Bloemfontein,2009-05-15,Delhi Capitals,Punjab Kings,Punjab Kings,field,normal,0,Punjab Kings,0,6,B Lee,OUTsurance Oval,HDPK Dharmasena,IL Howell,,2009,5,normal,1,Delhi Capitals,0
162,IPL-2009,Port Elizabeth,2009-05-16,Mumbai Indians,Chennai Super Kings,Mumbai Indians,bat,normal,0,Chennai Super Kings,0,7,ML Hayden,St George's Park,SK Tarapore,SJA Taufel,,2009,5,normal,0,Mumbai Indians,0
163,IPL-2009,Johannesburg,2009-05-16,Kolkata Knight Riders,Sunrisers Hyderabad,Sunrisers Hyderabad,field,normal,0,Sunrisers Hyderabad,0,6,RG Sharma,New Wanderers Stadium,RE Koertzen,S Ravi,,2009,5,normal,1,Kolkata Knight Riders,0
164,IPL-2009,Johannesburg,2009-05-17,Punjab Kings,Sunrisers Hyderabad,Sunrisers Hyderabad,field,normal,0,Punjab Kings,1,0,Yuvraj Singh,New Wanderers Stadium,S Ravi,RB Tiffin,,2009,5,normal,0,Punjab Kings,1
165,IPL-2009,Bloemfontein,2009-05-17,Delhi Capitals,Rajasthan Royals,Delhi Capitals,bat,normal,0,Delhi Capitals,14,0,AB de Villiers,OUTsurance Oval,SS Hazare,IL Howell,,2009,5,normal,1,Delhi Capitals,1
166,IPL-2009,Centurion,2009-05-18,Chennai Super Kings,Kolkata Knight Riders,Chennai Super Kings,bat,normal,0,Kolkata Knight Riders,0,7,BJ Hodge,SuperSport Park,SJA Taufel,RB Tiffin,,2009,5,normal,0,Chennai Super Kings,0
167,IPL-2009,Johannesburg,2009-05-19,Delhi Capitals,Royal Challengers Bangalore,Delhi Capitals,bat,normal,0,Royal Challengers Bangalore,0,7,JH Kallis,New Wanderers Stadium,IL Howell,RB Tiffin,,2009,5,normal,0,Delhi Capitals,0
168,IPL-2009,Durban,2009-05-20,Rajasthan Royals,Kolkata Knight Riders,Kolkata Knight Riders,field,normal,0,Kolkata Knight Riders,0,4,LR Shukla,Kingsmead,BG Jerling,SJA Taufel,,2009,5,normal,1,Rajasthan Royals,0
169,IPL-2009,Durban,2009-05-20,Chennai Super Kings,Punjab Kings,Chennai Super Kings,bat,normal,0,Chennai Super Kings,24,0,M Muralitharan,Kingsmead,BG Jerling,SJA Taufel,,2009,5,normal,1,Chennai Super Kings,1
170,IPL-2009,Centurion,2009-05-21,Mumbai Indians,Delhi Capitals,Delhi Capitals,field,normal,0,Delhi Capitals,0,4,V Sehwag,SuperSport Park,IL Howell,S Ravi,,2009,5,normal,1,Mumbai Indians,0
171,IPL-2009,Centurion,2009-05-21,Royal Challengers Bangalore,Sunrisers Hyderabad,Royal Challengers Bangalore,bat,normal,0,Royal Challengers Bangalore,12,0,MK Pandey,SuperSport Park,IL Howell,S Ravi,,2009,5,normal,1,Royal Challengers Bangalore,1
172,IPL-2009,Centurion,2009-05-22,Delhi Capitals,Sunrisers Hyderabad,Sunrisers Hyderabad,field,normal,0,Sunrisers Hyderabad,0,6,AC Gilchrist,SuperSport Park,BR Doctrove,DJ Harper,,2009,5,normal,1,Delhi Capitals,0
173,IPL-2009,Johannesburg,2009-05-23,Chennai Super Kings,Royal Challengers Bangalore,Royal Challengers Bangalore,field,normal,0,Royal Challengers Bangalore,0,6,MK Pandey,New Wanderers Stadium,RE Koertzen,SJA Taufel,,2009,5,normal,1,Chennai Super Kings,0
174,IPL-2009,Johannesburg,2009-05-24,Sunrisers Hyderabad,Royal Challengers Bangalore,Royal Challengers Bangalore,field,normal,0,Sunrisers Hyderabad,6,0,A Kumble,New Wanderers Stadium,RE Koertzen,SJA Taufel,,2009,5,normal,0,Sunrisers Hyderabad,1
175,IPL-2010,Mumbai,2010-12-03,Kolkata Knight Riders,Sunrisers Hyderabad,Sunrisers Hyderabad,field,normal,0,Kolkata Knight Riders,11,0,AD Mathews,Dr DY Patil Sports Academy,RE Koertzen,RB Tiffin,,2010,12,normal,0,Kolkata Knight Riders,1
176,IPL-2010,Mumbai,2010-03-13,Mumbai Indians,Rajasthan Royals,Mumbai Indians,bat,normal,0,Mumbai Indians,4,0,YK Pathan,Brabourne Stadium,RE Koertzen,RB Tiffin,,2010,3,normal,1,Mumbai Indians,1
177,IPL-2010,Chandigarh,2010-03-13,Punjab Kings,Delhi Capitals,Delhi Capitals,field,normal,0,Delhi Capitals,0,5,G Gambhir,"Punjab Cricket Association Stadium, Mohali",BR Doctrove,S Ravi,,2010,3,normal,1,Punjab Kings,0
178,IPL-2010,Kolkata,2010-03-14,Royal Challengers Bangalore,Kolkata Knight Riders,Kolkata Knight Riders,field,normal,0,Kolkata Knight Riders,0,7,MK Tiwary,Eden Gardens,HDPK Dharmasena,AM Saheba,,2010,3,normal,1,Royal Challengers Bangalore,0
179,IPL-2010,Chennai,2010-03-14,Sunrisers Hyderabad,Chennai Super Kings,Sunrisers Hyderabad,bat,normal,0,Sunrisers Hyderabad,31,0,WPUJC Vaas,"MA Chidambaram Stadium, Chepauk",K Hariharan,DJ Harper,,2010,3,normal,1,Sunrisers Hyderabad,1
180,IPL-2010,Ahmedabad,2010-03-15,Rajasthan Royals,Delhi Capitals,Delhi Capitals,field,normal,0,Delhi Capitals,0,6,V Sehwag,"Sardar Patel Stadium, Motera",BG Jerling,RE Koertzen,,2010,3,normal,1,Rajasthan Royals,0
181,IPL-2010,Bangalore,2010-03-16,Punjab Kings,Royal Challengers Bangalore,Punjab Kings,bat,normal,0,Royal Challengers Bangalore,0,8,JH Kallis,M Chinnaswamy Stadium,S Das,DJ Harper,,2010,3,normal,0,Punjab Kings,0
182,IPL-2010,Kolkata,2010-03-16,Chennai Super Kings,Kolkata Knight Riders,Chennai Super Kings,bat,normal,0,Chennai Super Kings,55,0,MS Dhoni,Eden Gardens,HDPK Dharmasena,AM Saheba,,2010,3,normal,1,Chennai Super Kings,1
183,IPL-2010,Delhi,2010-03-17,Mumbai Indians,Delhi Capitals,Delhi Capitals,field,normal,0,Mumbai Indians,98,0,SR Tendulkar,Feroz Shah Kotla,BR Doctrove,SK Tarapore,,2010,3,normal,0,Mumbai Indians,1
184,IPL-2010,Bangalore,2010-03-18,Rajasthan Royals,Royal Challengers Bangalore,Royal Challengers Bangalore,field,normal,0,Royal Challengers Bangalore,0,10,JH Kallis,M Chinnaswamy Stadium,K Hariharan,DJ Harper,,2010,3,normal,1,Rajasthan Royals,0
185,IPL-2010,Delhi,2010-03-19,Delhi Capitals,Chennai Super Kings,Delhi Capitals,bat,normal,0,Chennai Super Kings,0,5,ML Hayden,Feroz Shah Kotla,BR Doctrove,SK Tarapore,,2010,3,normal,0,Delhi Capitals,0
186,IPL-2010,Cuttack,2010-03-19,Sunrisers Hyderabad,Punjab Kings,Punjab Kings,field,normal,0,Sunrisers Hyderabad,6,0,A Symonds,Barabati Stadium,BF Bowden,M Erasmus,,2010,3,normal,0,Sunrisers Hyderabad,1
187,IPL-2010,Ahmedabad,2010-03-20,Rajasthan Royals,Kolkata Knight Riders,Rajasthan Royals,bat,normal,0,Rajasthan Royals,34,0,AA Jhunjhunwala,"Sardar Patel Stadium, Motera",RE Koertzen,RB Tiffin,,2010,3,normal,1,Rajasthan Royals,1
188,IPL-2010,Mumbai,2010-03-20,Mumbai Indians,Royal Challengers Bangalore,Mumbai Indians,bat,normal,0,Royal Challengers Bangalore,0,7,JH Kallis,Brabourne Stadium,HDPK Dharmasena,SS Hazare,,2010,3,normal,0,Mumbai Indians,0
189,IPL-2010,Cuttack,2010-03-21,Sunrisers Hyderabad,Delhi Capitals,Sunrisers Hyderabad,bat,normal,0,Sunrisers Hyderabad,10,0,A Symonds,Barabati Stadium,BF Bowden,M Erasmus,,2010,3,normal,1,Sunrisers Hyderabad,1
191,IPL-2010,Mumbai,2010-03-22,Kolkata Knight Riders,Mumbai Indians,Kolkata Knight Riders,bat,normal,0,Mumbai Indians,0,7,SR Tendulkar,Brabourne Stadium,SS Hazare,SJA Taufel,,2010,3,normal,0,Kolkata Knight Riders,0
192,IPL-2010,Bangalore,2010-03-23,Royal Challengers Bangalore,Chennai Super Kings,Chennai Super Kings,field,normal,0,Royal Challengers Bangalore,36,0,RV Uthappa,M Chinnaswamy Stadium,RE Koertzen,RB Tiffin,,2010,3,normal,0,Royal Challengers Bangalore,1
193,IPL-2010,Chandigarh,2010-03-24,Rajasthan Royals,Punjab Kings,Punjab Kings,field,normal,0,Rajasthan Royals,31,0,AC Voges,"Punjab Cricket Association Stadium, Mohali",BR Doctrove,SK Tarapore,,2010,3,normal,0,Rajasthan Royals,1
194,IPL-2010,Mumbai,2010-03-25,Chennai Super Kings,Mumbai Indians,Mumbai Indians,field,normal,0,Mumbai Indians,0,5,SR Tendulkar,Brabourne Stadium,BF Bowden,AM Saheba,,2010,3,normal,1,Chennai Super Kings,0
195,IPL-2010,Ahmedabad,2010-03-26,Sunrisers Hyderabad,Rajasthan Royals,Sunrisers Hyderabad,bat,normal,0,Rajasthan Royals,0,8,YK Pathan,"Sardar Patel Stadium, Motera",HDPK Dharmasena,SJA Taufel,,2010,3,normal,0,Sunrisers Hyderabad,0
196,IPL-2010,Chandigarh,2010-03-27,Kolkata Knight Riders,Punjab Kings,Kolkata Knight Riders,bat,normal,0,Kolkata Knight Riders,39,0,MK Tiwary,"Punjab Cricket Association Stadium, Mohali",BR Doctrove,S Ravi,,2010,3,normal,1,Kolkata Knight Riders,1
197,IPL-2010,Bangalore,2010-03-25,Delhi Capitals,Royal Challengers Bangalore,Royal Challengers Bangalore,field,normal,0,Delhi Capitals,17,0,KM Jadhav,M Chinnaswamy Stadium,BG Jerling,RE Koertzen,,2010,3,normal,0,Delhi Capitals,1
198,IPL-2010,Ahmedabad,2010-03-28,Rajasthan Royals,Chennai Super Kings,Rajasthan Royals,bat,normal,0,Rajasthan Royals,17,0,NV Ojha,"Sardar Patel Stadium, Motera",SS Hazare,SJA Taufel,,2010,3,normal,1,Rajasthan Royals,1
199,IPL-2010,Mumbai,2010-03-28,Mumbai Indians,Sunrisers Hyderabad,Sunrisers Hyderabad,field,normal,0,Mumbai Indians,41,0,Harbhajan Singh,Dr DY Patil Sports Academy,S Das,K Hariharan,,2010,3,normal,0,Mumbai Indians,1
200,IPL-2010,Delhi,2010-03-29,Delhi Capitals,Kolkata Knight Riders,Delhi Capitals,bat,normal,0,Delhi Capitals,40,0,DA Warner,Feroz Shah Kotla,SS Hazare,SJA Taufel,,2010,3,normal,1,Delhi Capitals,1
201,IPL-2010,Mumbai,2010-03-30,Punjab Kings,Mumbai Indians,Mumbai Indians,field,normal,0,Mumbai Indians,0,4,SL Malinga,Brabourne Stadium,BR Doctrove,SK Tarapore,,2010,3,normal,1,Punjab Kings,0
202,IPL-2010,Chennai,2010-03-31,Royal Challengers Bangalore,Chennai Super Kings,Royal Challengers Bangalore,bat,normal,0,Chennai Super Kings,0,5,M Vijay,"MA Chidambaram Stadium, Chepauk",BG Jerling,RE Koertzen,,2010,3,normal,0,Royal Challengers Bangalore,0
203,IPL-2010,Delhi,2010-03-31,Delhi Capitals,Rajasthan Royals,Delhi Capitals,bat,normal,0,Delhi Capitals,67,0,KD Karthik,Feroz Shah Kotla,HDPK Dharmasena,SJA Taufel,,2010,3,normal,1,Delhi Capitals,1
204,IPL-2010,Kolkata,2010-01-04,Kolkata Knight Riders,Sunrisers Hyderabad,Kolkata Knight Riders,bat,normal,0,Kolkata Knight Riders,24,0,SC Ganguly,Eden Gardens,K Hariharan,DJ Harper,,2010,1,normal,1,Kolkata Knight Riders,1
205,IPL-2010,Chandigarh,2010-02-04,Punjab Kings,Royal Challengers Bangalore,Punjab Kings,bat,normal,0,Royal Challengers Bangalore,0,6,KP Pietersen,"Punjab Cricket Association Stadium, Mohali",BF Bowden,M Erasmus,,2010,2,normal,0,Punjab Kings,0
206,IPL-2010,Chennai,2010-03-04,Chennai Super Kings,Rajasthan Royals,Chennai Super Kings,bat,normal,0,Chennai Super Kings,23,0,M Vijay,"MA Chidambaram Stadium, Chepauk",RE Koertzen,RB Tiffin,,2010,3,normal,1,Chennai Super Kings,1
207,IPL-2010,Mumbai,2010-03-04,Mumbai Indians,Sunrisers Hyderabad,Mumbai Indians,bat,normal,0,Mumbai Indians,63,0,AT Rayudu,Brabourne Stadium,BR Doctrove,S Ravi,,2010,3,normal,1,Mumbai Indians,1
208,IPL-2010,Kolkata,2010-04-04,Kolkata Knight Riders,Punjab Kings,Kolkata Knight Riders,bat,normal,0,Punjab Kings,0,8,DPMD Jayawardene,Eden Gardens,S Asnani,DJ Harper,,2010,4,normal,0,Kolkata Knight Riders,0
209,IPL-2010,Delhi,2010-04-04,Delhi Capitals,Royal Challengers Bangalore,Delhi Capitals,bat,normal,0,Delhi Capitals,37,0,PD Collingwood,Feroz Shah Kotla,BF Bowden,M Erasmus,,2010,4,normal,1,Delhi Capitals,1
210,IPL-2010,Nagpur,2010-05-04,Rajasthan Royals,Sunrisers Hyderabad,Rajasthan Royals,bat,normal,0,Rajasthan Royals,2,0,SK Warne,"Vidarbha Cricket Association Stadium, Jamtha",HDPK Dharmasena,SJA Taufel,,2010,5,normal,1,Rajasthan Royals,1
211,IPL-2010,Chennai,2010-06-04,Chennai Super Kings,Mumbai Indians,Chennai Super Kings,bat,normal,0,Chennai Super Kings,24,0,SK Raina,"MA Chidambaram Stadium, Chepauk",S Asnani,DJ Harper,,2010,6,normal,1,Chennai Super Kings,1
212,IPL-2010,Jaipur,2010-07-04,Punjab Kings,Rajasthan Royals,Punjab Kings,bat,normal,0,Rajasthan Royals,0,9,MJ Lumb,Sawai Mansingh Stadium,S Ravi,SK Tarapore,,2010,7,normal,0,Punjab Kings,0
213,IPL-2010,Kolkata,2010-07-04,Kolkata Knight Riders,Delhi Capitals,Kolkata Knight Riders,bat,normal,0,Kolkata Knight Riders,14,0,SC Ganguly,Eden Gardens,BG Jerling,RE Koertzen,,2010,7,normal,1,Kolkata Knight Riders,1
214,IPL-2010,Bangalore,2010-08-04,Royal Challengers Bangalore,Sunrisers Hyderabad,Sunrisers Hyderabad,field,normal,0,Sunrisers Hyderabad,0,7,TL Suman,M Chinnaswamy Stadium,S Asnani,DJ Harper,,2010,8,normal,1,Royal Challengers Bangalore,0
215,IPL-2010,Chandigarh,2010-09-04,Mumbai Indians,Punjab Kings,Mumbai Indians,bat,normal,0,Punjab Kings,0,6,KC Sangakkara,"Punjab Cricket Association Stadium, Mohali",M Erasmus,AM Saheba,,2010,9,normal,0,Mumbai Indians,0
216,IPL-2010,Nagpur,2010-10-04,Chennai Super Kings,Sunrisers Hyderabad,Chennai Super Kings,bat,normal,0,Sunrisers Hyderabad,0,6,RJ Harris,"Vidarbha Cricket Association Stadium, Jamtha",HDPK Dharmasena,SJA Taufel,,2010,10,normal,0,Chennai Super Kings,0
217,IPL-2010,Bangalore,2010-10-04,Kolkata Knight Riders,Royal Challengers Bangalore,Royal Challengers Bangalore,field,normal,0,Royal Challengers Bangalore,0,7,R Vinay Kumar,M Chinnaswamy Stadium,K Hariharan,DJ Harper,,2010,10,normal,1,Kolkata Knight Riders,0
218,IPL-2010,Delhi,2010-11-04,Delhi Capitals,Punjab Kings,Delhi Capitals,bat,normal,0,Punjab Kings,0,7,PP Chawla,Feroz Shah Kotla,BF Bowden,AM Saheba,,2010,11,normal,0,Delhi Capitals,0
219,IPL-2010,Jaipur,2010-11-04,Mumbai Indians,Rajasthan Royals,Rajasthan Royals,field,normal,0,Mumbai Indians,37,0,SR Tendulkar,Sawai Mansingh Stadium,BR Doctrove,SK Tarapore,,2010,11,normal,0,Mumbai Indians,1
220,IPL-2010,Nagpur,2010-12-04,Sunrisers Hyderabad,Royal Challengers Bangalore,Royal Challengers Bangalore,field,normal,0,Sunrisers Hyderabad,13,0,Harmeet Singh,"Vidarbha Cricket Association Stadium, Jamtha",RE Koertzen,RB Tiffin,,2010,12,normal,0,Sunrisers Hyderabad,1
221,IPL-2010,Mumbai,2010-04-13,Mumbai Indians,Delhi Capitals,Mumbai Indians,bat,normal,0,Mumbai Indians,39,0,KA Pollard,Brabourne Stadium,S Asnani,DJ Harper,,2010,4,normal,1,Mumbai Indians,1
222,IPL-2010,Chennai,2010-04-13,Kolkata Knight Riders,Chennai Super Kings,Kolkata Knight Riders,bat,normal,0,Chennai Super Kings,0,9,R Ashwin,"MA Chidambaram Stadium, Chepauk",SS Hazare,SJA Taufel,,2010,4,normal,0,Kolkata Knight Riders,0
223,IPL-2010,Jaipur,2010-04-14,Rajasthan Royals,Royal Challengers Bangalore,Rajasthan Royals,bat,normal,0,Royal Challengers Bangalore,0,5,KP Pietersen,Sawai Mansingh Stadium,BR Doctrove,S Ravi,,2010,4,normal,0,Rajasthan Royals,0
224,IPL-2010,Chennai,2010-04-15,Chennai Super Kings,Delhi Capitals,Chennai Super Kings,bat,normal,0,Delhi Capitals,0,6,G Gambhir,"MA Chidambaram Stadium, Chepauk",HDPK Dharmasena,SS Hazare,,2010,4,normal,0,Chennai Super Kings,0
225,IPL-2010,Dharamsala,2010-04-16,Punjab Kings,Sunrisers Hyderabad,Sunrisers Hyderabad,field,normal,0,Sunrisers Hyderabad,0,5,RG Sharma,Himachal Pradesh Cricket Association Stadium,M Erasmus,AM Saheba,,2010,4,normal,1,Punjab Kings,0
226,IPL-2010,Bangalore,2010-04-17,Mumbai Indians,Royal Challengers Bangalore,Royal Challengers Bangalore,field,normal,0,Mumbai Indians,57,0,R McLaren,M Chinnaswamy Stadium,HDPK Dharmasena,SJA Taufel,,2010,4,normal,0,Mumbai Indians,1
227,IPL-2010,Kolkata,2010-04-17,Rajasthan Royals,Kolkata Knight Riders,Rajasthan Royals,bat,normal,0,Kolkata Knight Riders,0,8,JD Unadkat,Eden Gardens,BG Jerling,RB Tiffin,,2010,4,normal,0,Rajasthan Royals,0
228,IPL-2010,Dharamsala,2010-04-18,Punjab Kings,Chennai Super Kings,Chennai Super Kings,field,normal,0,Chennai Super Kings,0,6,MS Dhoni,Himachal Pradesh Cricket Association Stadium,BF Bowden,AM Saheba,,2010,4,normal,1,Punjab Kings,0
229,IPL-2010,Delhi,2010-04-18,Sunrisers Hyderabad,Delhi Capitals,Sunrisers Hyderabad,bat,normal,0,Sunrisers Hyderabad,11,0,A Symonds,Feroz Shah Kotla,BR Doctrove,SK Tarapore,,2010,4,normal,1,Sunrisers Hyderabad,1
230,IPL-2010,Kolkata,2010-04-19,Mumbai Indians,Kolkata Knight Riders,Mumbai Indians,bat,normal,0,Kolkata Knight Riders,0,9,M Kartik,Eden Gardens,BG Jerling,RE Koertzen,,2010,4,normal,0,Mumbai Indians,0
231,IPL-2010,Mumbai,2010-04-21,Mumbai Indians,Royal Challengers Bangalore,Mumbai Indians,bat,normal,0,Mumbai Indians,35,0,KA Pollard,Dr DY Patil Sports Academy,BR Doctrove,RB Tiffin,,2010,4,normal,1,Mumbai Indians,1
232,IPL-2010,Mumbai,2010-04-22,Chennai Super Kings,Sunrisers Hyderabad,Chennai Super Kings,bat,normal,0,Chennai Super Kings,38,0,DE Bollinger,Dr DY Patil Sports Academy,BR Doctrove,RB Tiffin,,2010,4,normal,1,Chennai Super Kings,1
233,IPL-2010,Mumbai,2010-04-24,Sunrisers Hyderabad,Royal Challengers Bangalore,Sunrisers Hyderabad,bat,normal,0,Royal Challengers Bangalore,0,9,A Kumble,Dr DY Patil Sports Academy,RE Koertzen,SJA Taufel,,2010,4,normal,0,Sunrisers Hyderabad,0
234,IPL-2010,Mumbai,2010-04-25,Chennai Super Kings,Mumbai Indians,Chennai Super Kings,bat,normal,0,Chennai Super Kings,22,0,SK Raina,Dr DY Patil Sports Academy,RE Koertzen,SJA Taufel,,2010,4,normal,1,Chennai Super Kings,1
235,IPL-2011,Chennai,2011-08-04,Chennai Super Kings,Kolkata Knight Riders,Chennai Super Kings,bat,normal,0,Chennai Super Kings,2,0,S Anirudha,"MA Chidambaram Stadium, Chepauk",BR Doctrove,PR Reiffel,,2011,8,normal,1,Chennai Super Kings,1
236,IPL-2011,Hyderabad,2011-09-04,Sunrisers Hyderabad,Rajasthan Royals,Rajasthan Royals,field,normal,0,Rajasthan Royals,0,8,SK Trivedi,"Rajiv Gandhi International Stadium, Uppal",RE Koertzen,SK Tarapore,,2011,9,normal,1,Sunrisers Hyderabad,0
237,IPL-2011,Kochi,2011-09-04,Kochi Tuskers Kerala,Royal Challengers Bangalore,Kochi Tuskers Kerala,bat,normal,0,Royal Challengers Bangalore,0,6,AB de Villiers,Nehru Stadium,HDPK Dharmasena,K Hariharan,,2011,9,normal,0,Kochi Tuskers Kerala,0
238,IPL-2011,Delhi,2011-10-04,Delhi Capitals,Mumbai Indians,Delhi Capitals,bat,normal,0,Mumbai Indians,0,8,SL Malinga,Feroz Shah Kotla,AM Saheba,RB Tiffin,,2011,10,normal,0,Delhi Capitals,0
239,IPL-2011,Mumbai,2011-10-04,Punjab Kings,Pune Warriors,Punjab Kings,bat,normal,0,Pune Warriors,0,7,SB Wagh,Dr DY Patil Sports Academy,BR Doctrove,PR Reiffel,,2011,10,normal,0,Punjab Kings,0
240,IPL-2011,Kolkata,2011-11-04,Kolkata Knight Riders,Sunrisers Hyderabad,Kolkata Knight Riders,bat,normal,0,Kolkata Knight Riders,9,0,JH Kallis,Eden Gardens,RE Koertzen,SK Tarapore,,2011,11,normal,1,Kolkata Knight Riders,1
241,IPL-2011,Jaipur,2011-12-04,Delhi Capitals,Rajasthan Royals,Delhi Capitals,bat,normal,0,Rajasthan Royals,0,6,SK Warne,Sawai Mansingh Stadium,Aleem Dar,RB Tiffin,,2011,12,normal,0,Delhi Capitals,0
242,IPL-2011,Bangalore,2011-12-04,Royal Challengers Bangalore,Mumbai Indians,Mumbai Indians,field,normal,0,Mumbai Indians,0,9,SR Tendulkar,M Chinnaswamy Stadium,HDPK Dharmasena,AL Hill,,2011,12,normal,1,Royal Challengers Bangalore,0
243,IPL-2011,Chandigarh,2011-04-13,Chennai Super Kings,Punjab Kings,Punjab Kings,field,normal,0,Punjab Kings,0,6,PC Valthaty,"Punjab Cricket Association Stadium, Mohali",Asad Rauf,SL Shastri,,2011,4,normal,1,Chennai Super Kings,0
244,IPL-2011,Mumbai,2011-04-13,Kochi Tuskers Kerala,Pune Warriors,Kochi Tuskers Kerala,bat,normal,0,Pune Warriors,0,4,MD Mishra,Dr DY Patil Sports Academy,S Asnani,PR Reiffel,,2011,4,normal,0,Kochi Tuskers Kerala,0
245,IPL-2011,Hyderabad,2011-04-14,Sunrisers Hyderabad,Royal Challengers Bangalore,Royal Challengers Bangalore,field,normal,0,Sunrisers Hyderabad,33,0,DW Steyn,"Rajiv Gandhi International Stadium, Uppal",RE Koertzen,S Ravi,,2011,4,normal,0,Sunrisers Hyderabad,1
246,IPL-2011,Jaipur,2011-04-15,Rajasthan Royals,Kolkata Knight Riders,Kolkata Knight Riders,field,normal,0,Kolkata Knight Riders,0,9,G Gambhir,Sawai Mansingh Stadium,Aleem Dar,SS Hazare,,2011,4,normal,1,Rajasthan Royals,0
247,IPL-2011,Mumbai,2011-04-15,Mumbai Indians,Kochi Tuskers Kerala,Kochi Tuskers Kerala,field,normal,0,Kochi Tuskers Kerala,0,8,BB McCullum,Wankhede Stadium,BR Doctrove,PR Reiffel,,2011,4,normal,1,Mumbai Indians,0
248,IPL-2011,Chennai,2011-04-16,Chennai Super Kings,Royal Challengers Bangalore,Chennai Super Kings,bat,normal,0,Chennai Super Kings,21,0,MEK Hussey,"MA Chidambaram Stadium, Chepauk",HDPK Dharmasena,AL Hill,,2011,4,normal,1,Chennai Super Kings,1
249,IPL-2011,Hyderabad,2011-04-16,Sunrisers Hyderabad,Punjab Kings,Punjab Kings,field,normal,0,Punjab Kings,0,8,PC Valthaty,"Rajiv Gandhi International Stadium, Uppal",RE Koertzen,S Ravi,,2011,4,normal,1,Sunrisers Hyderabad,0
250,IPL-2011,Mumbai,2011-04-17,Pune Warriors,Delhi Capitals,Delhi Capitals,field,normal,0,Delhi Capitals,0,3,Yuvraj Singh,Dr DY Patil Sports Academy,Asad Rauf,AM Saheba,,2011,4,normal,1,Pune Warriors,0
251,IPL-2011,Kolkata,2011-04-17,Rajasthan Royals,Kolkata Knight Riders,Kolkata Knight Riders,field,normal,0,Kolkata Knight Riders,0,8,L Balaji,Eden Gardens,Aleem Dar,RB Tiffin,,2011,4,normal,1,Rajasthan Royals,0
252,IPL-2011,Kochi,2011-04-18,Chennai Super Kings,Kochi Tuskers Kerala,Kochi Tuskers Kerala,field,normal,1,Kochi Tuskers Kerala,0,7,BB McCullum,Nehru Stadium,K Hariharan,AL Hill,,2011,4,normal,1,Chennai Super Kings,0
253,IPL-2011,Delhi,2011-04-19,Sunrisers Hyderabad,Delhi Capitals,Sunrisers Hyderabad,bat,normal,0,Sunrisers Hyderabad,16,0,S Sohal,Feroz Shah Kotla,PR Reiffel,RJ Tucker,,2011,4,normal,1,Sunrisers Hyderabad,1
254,IPL-2011,Mumbai,2011-04-20,Pune Warriors,Mumbai Indians,Pune Warriors,bat,normal,0,Mumbai Indians,0,7,MM Patel,Wankhede Stadium,Asad Rauf,AM Saheba,,2011,4,normal,0,Pune Warriors,0
255,IPL-2011,Kolkata,2011-04-20,Kochi Tuskers Kerala,Kolkata Knight Riders,Kolkata Knight Riders,field,normal,0,Kochi Tuskers Kerala,6,0,DPMD Jayawardene,Eden Gardens,Aleem Dar,RB Tiffin,,2011,4,normal,0,Kochi Tuskers Kerala,1
256,IPL-2011,Chandigarh,2011-04-21,Punjab Kings,Rajasthan Royals,Rajasthan Royals,field,normal,0,Punjab Kings,48,0,SE Marsh,"Punjab Cricket Association Stadium, Mohali",S Asnani,PR Reiffel,,2011,4,normal,0,Punjab Kings,1
257,IPL-2011,Mumbai,2011-04-22,Mumbai Indians,Chennai Super Kings,Chennai Super Kings,field,normal,0,Mumbai Indians,8,0,Harbhajan Singh,Wankhede Stadium,Asad Rauf,AM Saheba,,2011,4,normal,0,Mumbai Indians,1
258,IPL-2011,Kolkata,2011-04-22,Kolkata Knight Riders,Royal Challengers Bangalore,Royal Challengers Bangalore,field,normal,0,Royal Challengers Bangalore,0,9,CH Gayle,Eden Gardens,SS Hazare,RB Tiffin,,2011,4,normal,1,Kolkata Knight Riders,0
259,IPL-2011,Delhi,2011-04-23,Delhi Capitals,Punjab Kings,Punjab Kings,field,normal,0,Delhi Capitals,29,0,DA Warner,Feroz Shah Kotla,S Asnani,RE Koertzen,,2011,4,normal,0,Delhi Capitals,1
260,IPL-2011,Hyderabad,2011-04-24,Mumbai Indians,Sunrisers Hyderabad,Sunrisers Hyderabad,field,normal,0,Mumbai Indians,37,0,SL Malinga,"Rajiv Gandhi International Stadium, Uppal",HDPK Dharmasena,AL Hill,,2011,4,normal,0,Mumbai Indians,1
261,IPL-2011,Jaipur,2011-04-24,Kochi Tuskers Kerala,Rajasthan Royals,Rajasthan Royals,field,normal,0,Rajasthan Royals,0,8,SK Warne,Sawai Mansingh Stadium,BR Doctrove,SK Tarapore,,2011,4,normal,1,Kochi Tuskers Kerala,0
262,IPL-2011,Chennai,2011-04-25,Chennai Super Kings,Pune Warriors,Pune Warriors,field,normal,0,Chennai Super Kings,25,0,MEK Hussey,"MA Chidambaram Stadium, Chepauk",Aleem Dar,RB Tiffin,,2011,4,normal,0,Chennai Super Kings,1
263,IPL-2011,Delhi,2011-04-26,Delhi Capitals,Royal Challengers Bangalore,Royal Challengers Bangalore,field,normal,0,Royal Challengers Bangalore,0,3,V Kohli,Feroz Shah Kotla,S Asnani,RJ Tucker,,2011,4,normal,1,Delhi Capitals,0
264,IPL-2011,Mumbai,2011-04-27,Pune Warriors,Chennai Super Kings,Pune Warriors,bat,normal,0,Chennai Super Kings,0,8,DE Bollinger,Dr DY Patil Sports Academy,Asad Rauf,SL Shastri,,2011,4,normal,0,Pune Warriors,0
265,IPL-2011,Kochi,2011-04-27,Sunrisers Hyderabad,Kochi Tuskers Kerala,Kochi Tuskers Kerala,field,normal,0,Sunrisers Hyderabad,55,0,I Sharma,Nehru Stadium,HDPK Dharmasena,AL Hill,,2011,4,normal,0,Sunrisers Hyderabad,1
266,IPL-2011,Delhi,2011-04-28,Kolkata Knight Riders,Delhi Capitals,Delhi Capitals,field,normal,0,Kolkata Knight Riders,17,0,MK Tiwary,Feroz Shah Kotla,PR Reiffel,RJ Tucker,,2011,4,normal,0,Kolkata Knight Riders,1
267,IPL-2011,Jaipur,2011-04-29,Mumbai Indians,Rajasthan Royals,Rajasthan Royals,field,normal,0,Rajasthan Royals,0,7,J Botha,Sawai Mansingh Stadium,Asad Rauf,SK Tarapore,,2011,4,normal,1,Mumbai Indians,0
268,IPL-2011,Bangalore,2011-04-29,Royal Challengers Bangalore,Pune Warriors,Pune Warriors,field,normal,0,Royal Challengers Bangalore,26,0,V Kohli,M Chinnaswamy Stadium,Aleem Dar,SS Hazare,,2011,4,normal,0,Royal Challengers Bangalore,1
269,IPL-2011,Kochi,2011-04-30,Delhi Capitals,Kochi Tuskers Kerala,Delhi Capitals,bat,normal,0,Delhi Capitals,38,0,V Sehwag,Nehru Stadium,HDPK Dharmasena,AL Hill,,2011,4,normal,1,Delhi Capitals,1
270,IPL-2011,Kolkata,2011-04-30,Punjab Kings,Kolkata Knight Riders,Kolkata Knight Riders,field,normal,0,Kolkata Knight Riders,0,8,Iqbal Abdulla,Eden Gardens,AM Saheba,SL Shastri,,2011,4,normal,1,Punjab Kings,0
271,IPL-2011,Jaipur,2011-01-05,Pune Warriors,Rajasthan Royals,Rajasthan Royals,field,normal,0,Rajasthan Royals,0,6,LRPL Taylor,Sawai Mansingh Stadium,SK Tarapore,SJA Taufel,,2011,1,normal,1,Pune Warriors,0
272,IPL-2011,Chennai,2011-01-05,Chennai Super Kings,Sunrisers Hyderabad,Chennai Super Kings,bat,normal,0,Chennai Super Kings,19,0,JA Morkel,"MA Chidambaram Stadium, Chepauk",Aleem Dar,RB Tiffin,,2011,1,normal,1,Chennai Super Kings,1
273,IPL-2011,Mumbai,2011-02-05,Mumbai Indians,Punjab Kings,Punjab Kings,field,normal,0,Mumbai Indians,23,0,KA Pollard,Wankhede Stadium,HDPK Dharmasena,PR Reiffel,,2011,2,normal,0,Mumbai Indians,1
274,IPL-2011,Delhi,2011-02-05,Delhi Capitals,Kochi Tuskers Kerala,Kochi Tuskers Kerala,field,normal,0,Kochi Tuskers Kerala,0,7,P Parameswaran,Feroz Shah Kotla,Asad Rauf,SL Shastri,,2011,2,normal,1,Delhi Capitals,0
275,IPL-2011,Hyderabad,2011-03-05,Kolkata Knight Riders,Sunrisers Hyderabad,Sunrisers Hyderabad,field,normal,0,Kolkata Knight Riders,20,0,YK Pathan,"Rajiv Gandhi International Stadium, Uppal",S Asnani,RJ Tucker,,2011,3,normal,0,Kolkata Knight Riders,1
276,IPL-2011,Chennai,2011-04-05,Rajasthan Royals,Chennai Super Kings,Rajasthan Royals,bat,normal,0,Chennai Super Kings,0,8,MEK Hussey,"MA Chidambaram Stadium, Chepauk",SS Hazare,RB Tiffin,,2011,4,normal,0,Rajasthan Royals,0
277,IPL-2011,Mumbai,2011-04-05,Mumbai Indians,Pune Warriors,Pune Warriors,field,normal,0,Mumbai Indians,21,0,R Sharma,Dr DY Patil Sports Academy,HDPK Dharmasena,SJA Taufel,,2011,4,normal,0,Mumbai Indians,1
278,IPL-2011,Kochi,2011-05-05,Kochi Tuskers Kerala,Kolkata Knight Riders,Kolkata Knight Riders,field,normal,0,Kochi Tuskers Kerala,17,0,BJ Hodge,Nehru Stadium,S Ravi,RJ Tucker,,2011,5,normal,0,Kochi Tuskers Kerala,1
279,IPL-2011,Hyderabad,2011-05-05,Sunrisers Hyderabad,Delhi Capitals,Delhi Capitals,field,normal,0,Delhi Capitals,0,4,V Sehwag,"Rajiv Gandhi International Stadium, Uppal",Asad Rauf,AM Saheba,,2011,5,normal,1,Sunrisers Hyderabad,0
280,IPL-2011,Bangalore,2011-06-05,Royal Challengers Bangalore,Punjab Kings,Punjab Kings,field,normal,0,Royal Challengers Bangalore,85,0,CH Gayle,M Chinnaswamy Stadium,Aleem Dar,RB Tiffin,,2011,6,normal,0,Royal Challengers Bangalore,1
281,IPL-2011,Kolkata,2011-07-05,Chennai Super Kings,Kolkata Knight Riders,Chennai Super Kings,bat,normal,1,Kolkata Knight Riders,10,0,Iqbal Abdulla,Eden Gardens,Asad Rauf,PR Reiffel,,2011,7,normal,0,Chennai Super Kings,0
282,IPL-2011,Mumbai,2011-07-05,Mumbai Indians,Delhi Capitals,Delhi Capitals,field,normal,0,Mumbai Indians,32,0,AT Rayudu,Wankhede Stadium,K Hariharan,SJA Taufel,,2011,7,normal,0,Mumbai Indians,1
283,IPL-2011,Bangalore,2011-08-05,Kochi Tuskers Kerala,Royal Challengers Bangalore,Kochi Tuskers Kerala,bat,normal,0,Royal Challengers Bangalore,0,9,CH Gayle,M Chinnaswamy Stadium,Aleem Dar,SS Hazare,,2011,8,normal,0,Kochi Tuskers Kerala,0
284,IPL-2011,Chandigarh,2011-08-05,Punjab Kings,Pune Warriors,Punjab Kings,bat,normal,0,Pune Warriors,0,5,R Sharma,"Punjab Cricket Association Stadium, Mohali",SK Tarapore,RJ Tucker,,2011,8,normal,0,Punjab Kings,0
285,IPL-2011,Jaipur,2011-09-05,Chennai Super Kings,Rajasthan Royals,Rajasthan Royals,field,normal,0,Chennai Super Kings,63,0,M Vijay,Sawai Mansingh Stadium,K Hariharan,SJA Taufel,,2011,9,normal,0,Chennai Super Kings,1
286,IPL-2011,Hyderabad,2011-10-05,Sunrisers Hyderabad,Pune Warriors,Sunrisers Hyderabad,bat,normal,0,Pune Warriors,0,6,MR Marsh,"Rajiv Gandhi International Stadium, Uppal",Asad Rauf,AM Saheba,,2011,10,normal,0,Sunrisers Hyderabad,0
287,IPL-2011,Chandigarh,2011-10-05,Punjab Kings,Mumbai Indians,Mumbai Indians,field,normal,0,Punjab Kings,76,0,BA Bhatt,"Punjab Cricket Association Stadium, Mohali",SK Tarapore,RJ Tucker,,2011,10,normal,0,Punjab Kings,1
288,IPL-2011,Jaipur,2011-11-05,Rajasthan Royals,Royal Challengers Bangalore,Royal Challengers Bangalore,field,normal,0,Royal Challengers Bangalore,0,9,S Aravind,Sawai Mansingh Stadium,HDPK Dharmasena,K Hariharan,,2011,11,normal,1,Rajasthan Royals,0
289,IPL-2011,Chennai,2011-12-05,Chennai Super Kings,Delhi Capitals,Chennai Super Kings,bat,normal,0,Chennai Super Kings,18,0,MS Dhoni,"MA Chidambaram Stadium, Chepauk",AM Saheba,SL Shastri,,2011,12,normal,1,Chennai Super Kings,1
290,IPL-2011,Indore,2011-05-13,Kochi Tuskers Kerala,Punjab Kings,Punjab Kings,field,normal,0,Punjab Kings,0,6,KD Karthik,Holkar Cricket Stadium,S Asnani,RJ Tucker,,2011,5,normal,1,Kochi Tuskers Kerala,0
291,IPL-2011,Bangalore,2011-05-14,Kolkata Knight Riders,Royal Challengers Bangalore,Royal Challengers Bangalore,field,normal,1,Royal Challengers Bangalore,0,4,CH Gayle,M Chinnaswamy Stadium,RE Koertzen,RB Tiffin,,2011,5,normal,1,Kolkata Knight Riders,0
292,IPL-2011,Mumbai,2011-05-14,Sunrisers Hyderabad,Mumbai Indians,Sunrisers Hyderabad,bat,normal,0,Sunrisers Hyderabad,10,0,A Mishra,Wankhede Stadium,S Ravi,SK Tarapore,,2011,5,normal,1,Sunrisers Hyderabad,1
293,IPL-2011,Dharamsala,2011-05-15,Punjab Kings,Delhi Capitals,Delhi Capitals,field,normal,0,Punjab Kings,29,0,PP Chawla,Himachal Pradesh Cricket Association Stadium,Asad Rauf,SL Shastri,,2011,5,normal,0,Punjab Kings,1
294,IPL-2011,Indore,2011-05-15,Rajasthan Royals,Kochi Tuskers Kerala,Kochi Tuskers Kerala,field,normal,0,Kochi Tuskers Kerala,0,8,BJ Hodge,Holkar Cricket Stadium,PR Reiffel,RJ Tucker,,2011,5,normal,1,Rajasthan Royals,0
295,IPL-2011,Mumbai,2011-05-16,Pune Warriors,Sunrisers Hyderabad,Sunrisers Hyderabad,field,normal,0,Sunrisers Hyderabad,0,6,A Mishra,Dr DY Patil Sports Academy,S Ravi,SK Tarapore,,2011,5,normal,1,Pune Warriors,0
296,IPL-2011,Dharamsala,2011-05-17,Punjab Kings,Royal Challengers Bangalore,Punjab Kings,bat,normal,0,Punjab Kings,111,0,AC Gilchrist,Himachal Pradesh Cricket Association Stadium,Asad Rauf,AM Saheba,,2011,5,normal,1,Punjab Kings,1
297,IPL-2011,Chennai,2011-05-18,Chennai Super Kings,Kochi Tuskers Kerala,Chennai Super Kings,bat,normal,0,Chennai Super Kings,11,0,WP Saha,"MA Chidambaram Stadium, Chepauk",HDPK Dharmasena,RE Koertzen,,2011,5,normal,1,Chennai Super Kings,1
298,IPL-2011,Mumbai,2011-05-19,Pune Warriors,Kolkata Knight Riders,Kolkata Knight Riders,field,normal,0,Kolkata Knight Riders,0,7,YK Pathan,Dr DY Patil Sports Academy,S Ravi,SJA Taufel,,2011,5,normal,1,Pune Warriors,0
299,IPL-2011,Mumbai,2011-05-20,Mumbai Indians,Rajasthan Royals,Mumbai Indians,bat,normal,0,Rajasthan Royals,0,10,SR Watson,Wankhede Stadium,RE Koertzen,PR Reiffel,,2011,5,normal,0,Mumbai Indians,0
300,IPL-2011,Dharamsala,2011-05-21,Sunrisers Hyderabad,Punjab Kings,Punjab Kings,field,normal,0,Sunrisers Hyderabad,82,0,S Dhawan,Himachal Pradesh Cricket Association Stadium,Asad Rauf,AM Saheba,,2011,5,normal,0,Sunrisers Hyderabad,1
302,IPL-2011,Bangalore,2011-05-22,Chennai Super Kings,Royal Challengers Bangalore,Royal Challengers Bangalore,field,normal,0,Royal Challengers Bangalore,0,8,CH Gayle,M Chinnaswamy Stadium,K Hariharan,RE Koertzen,,2011,5,normal,1,Chennai Super Kings,0
303,IPL-2011,Kolkata,2011-05-22,Kolkata Knight Riders,Mumbai Indians,Mumbai Indians,field,normal,0,Mumbai Indians,0,5,JEC Franklin,Eden Gardens,SK Tarapore,SJA Taufel,,2011,5,normal,1,Kolkata Knight Riders,0
304,IPL-2011,Mumbai,2011-05-24,Royal Challengers Bangalore,Chennai Super Kings,Chennai Super Kings,field,normal,0,Chennai Super Kings,0,6,SK Raina,Wankhede Stadium,Asad Rauf,SJA Taufel,,2011,5,normal,1,Royal Challengers Bangalore,0
305,IPL-2011,Mumbai,2011-05-25,Kolkata Knight Riders,Mumbai Indians,Mumbai Indians,field,normal,0,Mumbai Indians,0,4,MM Patel,Wankhede Stadium,Asad Rauf,SJA Taufel,,2011,5,normal,1,Kolkata Knight Riders,0
306,IPL-2011,Chennai,2011-05-27,Royal Challengers Bangalore,Mumbai Indians,Mumbai Indians,field,normal,0,Royal Challengers Bangalore,43,0,CH Gayle,"MA Chidambaram Stadium, Chepauk",Asad Rauf,SJA Taufel,,2011,5,normal,0,Royal Challengers Bangalore,1
307,IPL-2011,Chennai,2011-05-28,Chennai Super Kings,Royal Challengers Bangalore,Chennai Super Kings,bat,normal,0,Chennai Super Kings,58,0,M Vijay,"MA Chidambaram Stadium, Chepauk",Asad Rauf,SJA Taufel,,2011,5,normal,1,Chennai Super Kings,1
308,IPL-2012,Chennai,2012-04-04,Chennai Super Kings,Mumbai Indians,Mumbai Indians,field,normal,0,Mumbai Indians,0,8,RE Levi,"MA Chidambaram Stadium, Chepauk",JD Cloete,SJA Taufel,,2012,4,normal,1,Chennai Super Kings,0
309,IPL-2012,Kolkata,2012-05-04,Kolkata Knight Riders,Delhi Capitals,Delhi Capitals,field,normal,0,Delhi Capitals,0,8,IK Pathan,Eden Gardens,S Asnani,HDPK Dharmasena,,2012,5,normal,1,Kolkata Knight Riders,0
310,IPL-2012,Mumbai,2012-06-04,Pune Warriors,Mumbai Indians,Mumbai Indians,field,normal,0,Pune Warriors,28,0,SPD Smith,Wankhede Stadium,AK Chaudhary,SJA Taufel,,2012,6,normal,0,Pune Warriors,1
311,IPL-2012,Jaipur,2012-06-04,Rajasthan Royals,Punjab Kings,Punjab Kings,field,normal,0,Rajasthan Royals,31,0,AM Rahane,Sawai Mansingh Stadium,BF Bowden,SK Tarapore,,2012,6,normal,0,Rajasthan Royals,1
312,IPL-2012,Bangalore,2012-07-04,Royal Challengers Bangalore,Delhi Capitals,Delhi Capitals,field,normal,0,Royal Challengers Bangalore,20,0,AB de Villiers,M Chinnaswamy Stadium,S Asnani,S Ravi,,2012,7,normal,0,Royal Challengers Bangalore,1
313,IPL-2012,Visakhapatnam,2012-07-04,Chennai Super Kings,Sunrisers Hyderabad,Sunrisers Hyderabad,field,normal,0,Chennai Super Kings,74,0,RA Jadeja,Dr. Y.S. Rajasekhara Reddy ACA-VDCA Cricket Stadium,JD Cloete,HDPK Dharmasena,,2012,7,normal,0,Chennai Super Kings,1
314,IPL-2012,Jaipur,2012-08-04,Rajasthan Royals,Kolkata Knight Riders,Kolkata Knight Riders,field,normal,0,Rajasthan Royals,22,0,BJ Hodge,Sawai Mansingh Stadium,BF Bowden,VA Kulkarni,,2012,8,normal,0,Rajasthan Royals,1
315,IPL-2012,Pune,2012-08-04,Pune Warriors,Punjab Kings,Pune Warriors,bat,normal,0,Pune Warriors,22,0,MN Samuels,Subrata Roy Sahara Stadium,S Das,SJA Taufel,,2012,8,normal,1,Pune Warriors,1
316,IPL-2012,Visakhapatnam,2012-09-04,Sunrisers Hyderabad,Mumbai Indians,Sunrisers Hyderabad,bat,normal,0,Mumbai Indians,0,5,RG Sharma,Dr. Y.S. Rajasekhara Reddy ACA-VDCA Cricket Stadium,AK Chaudhary,JD Cloete,,2012,9,normal,0,Sunrisers Hyderabad,0
317,IPL-2012,Bangalore,2012-10-04,Kolkata Knight Riders,Royal Challengers Bangalore,Royal Challengers Bangalore,field,normal,0,Kolkata Knight Riders,42,0,L Balaji,M Chinnaswamy Stadium,S Ravi,RJ Tucker,,2012,10,normal,0,Kolkata Knight Riders,1
318,IPL-2012,Delhi,2012-10-04,Chennai Super Kings,Delhi Capitals,Delhi Capitals,field,normal,0,Delhi Capitals,0,8,M Morkel,Feroz Shah Kotla,Asad Rauf,SK Tarapore,,2012,10,normal,1,Chennai Super Kings,0
319,IPL-2012,Mumbai,2012-11-04,Mumbai Indians,Rajasthan Royals,Rajasthan Royals,field,normal,0,Mumbai Indians,27,0,KA Pollard,Wankhede Stadium,Aleem Dar,BNJ Oxenford,,2012,11,normal,0,Mumbai Indians,1
320,IPL-2012,Chennai,2012-12-04,Royal Challengers Bangalore,Chennai Super Kings,Royal Challengers Bangalore,bat,normal,0,Chennai Super Kings,0,5,F du Plessis,"MA Chidambaram Stadium, Chepauk",HDPK Dharmasena,RJ Tucker,,2012,12,normal,0,Royal Challengers Bangalore,0
321,IPL-2012,Chandigarh,2012-12-04,Pune Warriors,Punjab Kings,Punjab Kings,field,normal,0,Punjab Kings,0,7,AD Mascarenhas,"Punjab Cricket Association Stadium, Mohali",VA Kulkarni,SK Tarapore,,2012,12,normal,1,Pune Warriors,0
322,IPL-2012,Kolkata,2012-04-13,Rajasthan Royals,Kolkata Knight Riders,Rajasthan Royals,bat,normal,0,Kolkata Knight Riders,0,5,Shakib Al Hasan,Eden Gardens,Asad Rauf,S Asnani,,2012,4,normal,0,Rajasthan Royals,0
323,IPL-2012,Delhi,2012-04-19,Sunrisers Hyderabad,Delhi Capitals,Sunrisers Hyderabad,bat,normal,0,Delhi Capitals,0,5,KP Pietersen,Feroz Shah Kotla,BF Bowden,SK Tarapore,,2012,4,normal,0,Sunrisers Hyderabad,0
324,IPL-2012,Pune,2012-04-14,Chennai Super Kings,Pune Warriors,Chennai Super Kings,bat,normal,0,Pune Warriors,0,7,JD Ryder,Subrata Roy Sahara Stadium,Aleem Dar,BNJ Oxenford,,2012,4,normal,0,Chennai Super Kings,0
325,IPL-2012,Kolkata,2012-04-15,Punjab Kings,Kolkata Knight Riders,Kolkata Knight Riders,field,normal,0,Punjab Kings,2,0,SP Narine,Eden Gardens,Asad Rauf,S Asnani,,2012,4,normal,0,Punjab Kings,1
326,IPL-2012,Bangalore,2012-04-15,Rajasthan Royals,Royal Challengers Bangalore,Rajasthan Royals,bat,normal,0,Rajasthan Royals,59,0,AM Rahane,M Chinnaswamy Stadium,JD Cloete,RJ Tucker,,2012,4,normal,1,Rajasthan Royals,1
327,IPL-2012,Mumbai,2012-04-16,Mumbai Indians,Delhi Capitals,Delhi Capitals,field,normal,0,Delhi Capitals,0,7,S Nadeem,Wankhede Stadium,BF Bowden,SK Tarapore,,2012,4,normal,1,Mumbai Indians,0
328,IPL-2012,Jaipur,2012-04-17,Sunrisers Hyderabad,Rajasthan Royals,Sunrisers Hyderabad,bat,normal,0,Rajasthan Royals,0,5,BJ Hodge,Sawai Mansingh Stadium,Aleem Dar,BNJ Oxenford,,2012,4,normal,0,Sunrisers Hyderabad,0
329,IPL-2012,Bangalore,2012-04-17,Pune Warriors,Royal Challengers Bangalore,Pune Warriors,bat,normal,0,Royal Challengers Bangalore,0,6,CH Gayle,M Chinnaswamy Stadium,S Asnani,S Das,,2012,4,normal,0,Pune Warriors,0
330,IPL-2012,Chandigarh,2012-04-18,Punjab Kings,Kolkata Knight Riders,Punjab Kings,bat,normal,0,Kolkata Knight Riders,0,8,G Gambhir,"Punjab Cricket Association Stadium, Mohali",JD Cloete,RJ Tucker,,2012,4,normal,0,Punjab Kings,0
331,IPL-2012,Hyderabad,2012-10-05,Sunrisers Hyderabad,Delhi Capitals,Sunrisers Hyderabad,bat,normal,0,Delhi Capitals,0,9,DA Warner,"Rajiv Gandhi International Stadium, Uppal",JD Cloete,SJA Taufel,,2012,10,normal,0,Sunrisers Hyderabad,0
332,IPL-2012,Chennai,2012-04-19,Chennai Super Kings,Pune Warriors,Pune Warriors,field,normal,0,Chennai Super Kings,13,0,KMDN Kulasekara,"MA Chidambaram Stadium, Chepauk",Asad Rauf,S Das,,2012,4,normal,0,Chennai Super Kings,1
333,IPL-2012,Chandigarh,2012-04-20,Punjab Kings,Royal Challengers Bangalore,Royal Challengers Bangalore,field,normal,0,Royal Challengers Bangalore,0,5,CH Gayle,"Punjab Cricket Association Stadium, Mohali",S Ravi,RJ Tucker,,2012,4,normal,1,Punjab Kings,0
334,IPL-2012,Chennai,2012-04-21,Rajasthan Royals,Chennai Super Kings,Rajasthan Royals,bat,normal,0,Chennai Super Kings,0,7,F du Plessis,"MA Chidambaram Stadium, Chepauk",Aleem Dar,BNJ Oxenford,,2012,4,normal,0,Rajasthan Royals,0
335,IPL-2012,Delhi,2012-04-21,Pune Warriors,Delhi Capitals,Delhi Capitals,field,normal,0,Pune Warriors,20,0,SC Ganguly,Feroz Shah Kotla,Asad Rauf,S Das,,2012,4,normal,0,Pune Warriors,1
336,IPL-2012,Mumbai,2012-04-22,Mumbai Indians,Punjab Kings,Mumbai Indians,bat,normal,0,Punjab Kings,0,6,SE Marsh,Wankhede Stadium,S Ravi,RJ Tucker,,2012,4,normal,0,Mumbai Indians,0
337,IPL-2012,Cuttack,2012-04-22,Sunrisers Hyderabad,Kolkata Knight Riders,Kolkata Knight Riders,field,normal,0,Kolkata Knight Riders,0,5,B Lee,Barabati Stadium,BF Bowden,SK Tarapore,,2012,4,normal,1,Sunrisers Hyderabad,0
338,IPL-2012,Jaipur,2012-04-23,Royal Challengers Bangalore,Rajasthan Royals,Rajasthan Royals,field,normal,0,Royal Challengers Bangalore,46,0,AB de Villiers,Sawai Mansingh Stadium,Asad Rauf,S Asnani,,2012,4,normal,0,Royal Challengers Bangalore,1
339,IPL-2012,Pune,2012-04-24,Pune Warriors,Delhi Capitals,Pune Warriors,bat,normal,0,Delhi Capitals,0,8,V Sehwag,Subrata Roy Sahara Stadium,S Ravi,RJ Tucker,,2012,4,normal,0,Pune Warriors,0
340,IPL-2012,Chandigarh,2012-04-25,Punjab Kings,Mumbai Indians,Punjab Kings,bat,normal,0,Mumbai Indians,0,4,AT Rayudu,"Punjab Cricket Association Stadium, Mohali",Aleem Dar,BNJ Oxenford,,2012,4,normal,0,Punjab Kings,0
341,IPL-2012,Pune,2012-04-26,Sunrisers Hyderabad,Pune Warriors,Sunrisers Hyderabad,bat,normal,0,Sunrisers Hyderabad,18,0,CL White,Subrata Roy Sahara Stadium,S Ravi,RJ Tucker,,2012,4,normal,1,Sunrisers Hyderabad,1
342,IPL-2012,Delhi,2012-04-27,Delhi Capitals,Mumbai Indians,Mumbai Indians,field,normal,0,Delhi Capitals,37,0,V Sehwag,Feroz Shah Kotla,Aleem Dar,BNJ Oxenford,,2012,4,normal,0,Delhi Capitals,1
343,IPL-2012,Chennai,2012-04-28,Punjab Kings,Chennai Super Kings,Punjab Kings,bat,normal,0,Punjab Kings,7,0,Mandeep Singh,"MA Chidambaram Stadium, Chepauk",BF Bowden,SK Tarapore,,2012,4,normal,1,Punjab Kings,1
344,IPL-2012,Kolkata,2012-04-28,Kolkata Knight Riders,Royal Challengers Bangalore,Kolkata Knight Riders,bat,normal,0,Kolkata Knight Riders,47,0,G Gambhir,Eden Gardens,Asad Rauf,BR Doctrove,,2012,4,normal,1,Kolkata Knight Riders,1
345,IPL-2012,Delhi,2012-04-29,Delhi Capitals,Rajasthan Royals,Delhi Capitals,bat,normal,0,Delhi Capitals,1,0,V Sehwag,Feroz Shah Kotla,S Ravi,RJ Tucker,,2012,4,normal,1,Delhi Capitals,1
346,IPL-2012,Mumbai,2012-04-29,Sunrisers Hyderabad,Mumbai Indians,Mumbai Indians,field,normal,0,Mumbai Indians,0,5,DW Steyn,Wankhede Stadium,AK Chaudhary,BNJ Oxenford,,2012,4,normal,1,Sunrisers Hyderabad,0
347,IPL-2012,Chennai,2012-04-30,Chennai Super Kings,Kolkata Knight Riders,Chennai Super Kings,bat,normal,0,Kolkata Knight Riders,0,5,G Gambhir,"MA Chidambaram Stadium, Chepauk",BF Bowden,C Shamshuddin,,2012,4,normal,0,Chennai Super Kings,0
348,IPL-2012,Cuttack,2012-01-05,Sunrisers Hyderabad,Pune Warriors,Sunrisers Hyderabad,bat,normal,0,Sunrisers Hyderabad,13,0,KC Sangakkara,Barabati Stadium,Aleem Dar,AK Chaudhary,,2012,1,normal,1,Sunrisers Hyderabad,1
349,IPL-2012,Jaipur,2012-01-05,Rajasthan Royals,Delhi Capitals,Rajasthan Royals,bat,normal,0,Delhi Capitals,0,6,P Negi,Sawai Mansingh Stadium,JD Cloete,SJA Taufel,,2012,1,normal,0,Rajasthan Royals,0
350,IPL-2012,Bangalore,2012-02-05,Royal Challengers Bangalore,Punjab Kings,Punjab Kings,field,normal,0,Punjab Kings,0,4,Azhar Mahmood,M Chinnaswamy Stadium,BF Bowden,C Shamshuddin,,2012,2,normal,1,Royal Challengers Bangalore,0
351,IPL-2012,Pune,2012-03-05,Mumbai Indians,Pune Warriors,Mumbai Indians,bat,normal,0,Mumbai Indians,1,0,SL Malinga,Subrata Roy Sahara Stadium,Asad Rauf,S Asnani,,2012,3,normal,1,Mumbai Indians,1
352,IPL-2012,Chennai,2012-04-05,Chennai Super Kings,Sunrisers Hyderabad,Chennai Super Kings,bat,normal,0,Chennai Super Kings,10,0,SK Raina,"MA Chidambaram Stadium, Chepauk",HDPK Dharmasena,BNJ Oxenford,,2012,4,normal,1,Chennai Super Kings,1
353,IPL-2012,Kolkata,2012-05-05,Kolkata Knight Riders,Pune Warriors,Kolkata Knight Riders,bat,normal,0,Kolkata Knight Riders,7,0,SP Narine,Eden Gardens,BF Bowden,SK Tarapore,,2012,5,normal,1,Kolkata Knight Riders,1
354,IPL-2012,Chandigarh,2012-05-05,Rajasthan Royals,Punjab Kings,Rajasthan Royals,bat,normal,0,Rajasthan Royals,43,0,SR Watson,"Punjab Cricket Association Stadium, Mohali",JD Cloete,SJA Taufel,,2012,5,normal,1,Rajasthan Royals,1
355,IPL-2012,Mumbai,2012-06-05,Chennai Super Kings,Mumbai Indians,Mumbai Indians,field,normal,0,Mumbai Indians,0,2,DR Smith,Wankhede Stadium,Asad Rauf,S Asnani,,2012,6,normal,1,Chennai Super Kings,0
356,IPL-2012,Bangalore,2012-06-05,Sunrisers Hyderabad,Royal Challengers Bangalore,Royal Challengers Bangalore,field,normal,0,Royal Challengers Bangalore,0,5,AB de Villiers,M Chinnaswamy Stadium,HDPK Dharmasena,BNJ Oxenford,,2012,6,normal,1,Sunrisers Hyderabad,0
357,IPL-2012,Delhi,2012-07-05,Delhi Capitals,Kolkata Knight Riders,Delhi Capitals,bat,normal,0,Kolkata Knight Riders,0,6,JH Kallis,Feroz Shah Kotla,JD Cloete,S Ravi,,2012,7,normal,0,Delhi Capitals,0
358,IPL-2012,Pune,2012-08-05,Pune Warriors,Rajasthan Royals,Pune Warriors,bat,normal,0,Rajasthan Royals,0,7,SR Watson,Subrata Roy Sahara Stadium,Asad Rauf,BR Doctrove,,2012,8,normal,0,Pune Warriors,0
359,IPL-2012,Hyderabad,2012-08-05,Punjab Kings,Sunrisers Hyderabad,Sunrisers Hyderabad,field,normal,0,Punjab Kings,25,0,Mandeep Singh,"Rajiv Gandhi International Stadium, Uppal",HDPK Dharmasena,BNJ Oxenford,,2012,8,normal,0,Punjab Kings,1
360,IPL-2012,Mumbai,2012-09-05,Mumbai Indians,Royal Challengers Bangalore,Royal Challengers Bangalore,field,normal,0,Royal Challengers Bangalore,0,9,CH Gayle,Wankhede Stadium,BF Bowden,VA Kulkarni,,2012,9,normal,1,Mumbai Indians,0
361,IPL-2012,Jaipur,2012-10-05,Rajasthan Royals,Chennai Super Kings,Chennai Super Kings,field,normal,0,Chennai Super Kings,0,4,BW Hilfenhaus,Sawai Mansingh Stadium,BNJ Oxenford,C Shamshuddin,,2012,10,normal,1,Rajasthan Royals,0
362,IPL-2012,Pune,2012-11-05,Royal Challengers Bangalore,Pune Warriors,Pune Warriors,field,normal,0,Royal Challengers Bangalore,35,0,CH Gayle,Subrata Roy Sahara Stadium,BF Bowden,SK Tarapore,,2012,11,normal,0,Royal Challengers Bangalore,1
363,IPL-2012,Kolkata,2012-12-05,Mumbai Indians,Kolkata Knight Riders,Mumbai Indians,bat,normal,0,Mumbai Indians,27,0,RG Sharma,Eden Gardens,S Ravi,SJA Taufel,,2012,12,normal,1,Mumbai Indians,1
364,IPL-2012,Chennai,2012-12-05,Delhi Capitals,Chennai Super Kings,Chennai Super Kings,field,normal,0,Chennai Super Kings,0,9,BW Hilfenhaus,"MA Chidambaram Stadium, Chepauk",S Das,BR Doctrove,,2012,12,normal,1,Delhi Capitals,0
365,IPL-2012,Jaipur,2012-05-13,Rajasthan Royals,Pune Warriors,Rajasthan Royals,bat,normal,0,Rajasthan Royals,45,0,A Chandila,Sawai Mansingh Stadium,BF Bowden,SK Tarapore,,2012,5,normal,1,Rajasthan Royals,1
366,IPL-2012,Chandigarh,2012-05-13,Sunrisers Hyderabad,Punjab Kings,Sunrisers Hyderabad,bat,normal,0,Punjab Kings,0,4,DJ Hussey,"Punjab Cricket Association Stadium, Mohali",HDPK Dharmasena,BNJ Oxenford,,2012,5,normal,0,Sunrisers Hyderabad,0
367,IPL-2012,Bangalore,2012-05-14,Royal Challengers Bangalore,Mumbai Indians,Mumbai Indians,field,normal,0,Mumbai Indians,0,5,AT Rayudu,M Chinnaswamy Stadium,S Das,BR Doctrove,,2012,5,normal,1,Royal Challengers Bangalore,0
368,IPL-2012,Kolkata,2012-05-14,Kolkata Knight Riders,Chennai Super Kings,Chennai Super Kings,field,normal,0,Chennai Super Kings,0,5,MEK Hussey,Eden Gardens,JD Cloete,SJA Taufel,,2012,5,normal,1,Kolkata Knight Riders,0
369,IPL-2012,Delhi,2012-05-15,Punjab Kings,Delhi Capitals,Punjab Kings,bat,normal,0,Delhi Capitals,0,5,UT Yadav,Feroz Shah Kotla,HDPK Dharmasena,BNJ Oxenford,,2012,5,normal,0,Punjab Kings,0
370,IPL-2012,Mumbai,2012-05-16,Kolkata Knight Riders,Mumbai Indians,Mumbai Indians,field,normal,0,Kolkata Knight Riders,32,0,SP Narine,Wankhede Stadium,S Das,BR Doctrove,,2012,5,normal,0,Kolkata Knight Riders,1
371,IPL-2012,Dharamsala,2012-05-17,Chennai Super Kings,Punjab Kings,Punjab Kings,field,normal,0,Punjab Kings,0,6,AC Gilchrist,Himachal Pradesh Cricket Association Stadium,VA Kulkarni,SK Tarapore,,2012,5,normal,1,Chennai Super Kings,0
372,IPL-2012,Delhi,2012-05-17,Royal Challengers Bangalore,Delhi Capitals,Delhi Capitals,field,normal,0,Royal Challengers Bangalore,21,0,CH Gayle,Feroz Shah Kotla,HDPK Dharmasena,C Shamshuddin,,2012,5,normal,0,Royal Challengers Bangalore,1
373,IPL-2012,Hyderabad,2012-05-18,Rajasthan Royals,Sunrisers Hyderabad,Rajasthan Royals,bat,normal,0,Sunrisers Hyderabad,0,5,DW Steyn,"Rajiv Gandhi International Stadium, Uppal",S Ravi,SJA Taufel,,2012,5,normal,0,Rajasthan Royals,0
374,IPL-2012,Dharamsala,2012-05-19,Punjab Kings,Delhi Capitals,Delhi Capitals,field,normal,0,Delhi Capitals,0,6,UT Yadav,Himachal Pradesh Cricket Association Stadium,BF Bowden,VA Kulkarni,,2012,5,normal,1,Punjab Kings,0
375,IPL-2012,Pune,2012-05-19,Kolkata Knight Riders,Pune Warriors,Kolkata Knight Riders,bat,normal,0,Kolkata Knight Riders,34,0,Shakib Al Hasan,Subrata Roy Sahara Stadium,S Asnani,BR Doctrove,,2012,5,normal,1,Kolkata Knight Riders,1
376,IPL-2012,Hyderabad,2012-05-20,Sunrisers Hyderabad,Royal Challengers Bangalore,Royal Challengers Bangalore,field,normal,0,Sunrisers Hyderabad,9,0,DW Steyn,"Rajiv Gandhi International Stadium, Uppal",S Ravi,SJA Taufel,,2012,5,normal,0,Sunrisers Hyderabad,1
377,IPL-2012,Jaipur,2012-05-20,Rajasthan Royals,Mumbai Indians,Rajasthan Royals,bat,normal,0,Mumbai Indians,0,10,DR Smith,Sawai Mansingh Stadium,HDPK Dharmasena,C Shamshuddin,,2012,5,normal,0,Rajasthan Royals,0
378,IPL-2012,Pune,2012-05-22,Kolkata Knight Riders,Delhi Capitals,Kolkata Knight Riders,bat,normal,0,Kolkata Knight Riders,18,0,YK Pathan,Subrata Roy Sahara Stadium,BR Doctrove,SJA Taufel,,2012,5,normal,1,Kolkata Knight Riders,1
379,IPL-2012,Bangalore,2012-05-23,Chennai Super Kings,Mumbai Indians,Mumbai Indians,field,normal,0,Chennai Super Kings,38,0,MS Dhoni,M Chinnaswamy Stadium,BF Bowden,HDPK Dharmasena,,2012,5,normal,0,Chennai Super Kings,1
380,IPL-2012,Chennai,2012-05-25,Chennai Super Kings,Delhi Capitals,Delhi Capitals,field,normal,0,Chennai Super Kings,86,0,M Vijay,"MA Chidambaram Stadium, Chepauk",BR Doctrove,SJA Taufel,,2012,5,normal,0,Chennai Super Kings,1
381,IPL-2012,Chennai,2012-05-27,Chennai Super Kings,Kolkata Knight Riders,Chennai Super Kings,bat,normal,0,Kolkata Knight Riders,0,5,MS Bisla,"MA Chidambaram Stadium, Chepauk",BF Bowden,SJA Taufel,,2012,5,normal,0,Chennai Super Kings,0
382,IPL-2013,Kolkata,2013-03-04,Delhi Capitals,Kolkata Knight Riders,Kolkata Knight Riders,field,normal,0,Kolkata Knight Riders,0,6,SP Narine,Eden Gardens,S Ravi,SJA Taufel,,2013,3,normal,1,Delhi Capitals,0
383,IPL-2013,Bangalore,2013-04-04,Royal Challengers Bangalore,Mumbai Indians,Mumbai Indians,field,normal,0,Royal Challengers Bangalore,2,0,CH Gayle,M Chinnaswamy Stadium,VA Kulkarni,C Shamshuddin,,2013,4,normal,0,Royal Challengers Bangalore,1
384,IPL-2013,Hyderabad,2013-05-04,Sunrisers Hyderabad,Pune Warriors,Pune Warriors,field,normal,0,Sunrisers Hyderabad,22,0,A Mishra,"Rajiv Gandhi International Stadium, Uppal",S Ravi,SJA Taufel,,2013,5,normal,0,Sunrisers Hyderabad,1
385,IPL-2013,Delhi,2013-06-04,Rajasthan Royals,Delhi Capitals,Rajasthan Royals,bat,normal,0,Rajasthan Royals,5,0,R Dravid,Feroz Shah Kotla,S Das,C Shamshuddin,,2013,6,normal,1,Rajasthan Royals,1
386,IPL-2013,Chennai,2013-06-04,Mumbai Indians,Chennai Super Kings,Mumbai Indians,bat,normal,0,Mumbai Indians,9,0,KA Pollard,"MA Chidambaram Stadium, Chepauk",M Erasmus,VA Kulkarni,,2013,6,normal,1,Mumbai Indians,1
387,IPL-2013,Pune,2013-07-04,Pune Warriors,Punjab Kings,Pune Warriors,bat,normal,0,Punjab Kings,0,8,M Vohra,Subrata Roy Sahara Stadium,S Asnani,SJA Taufel,,2013,7,normal,0,Pune Warriors,0
389,IPL-2013,Jaipur,2013-08-04,Rajasthan Royals,Kolkata Knight Riders,Kolkata Knight Riders,field,normal,0,Rajasthan Royals,19,0,SK Trivedi,Sawai Mansingh Stadium,Aleem Dar,S Das,,2013,8,normal,0,Rajasthan Royals,1
390,IPL-2013,Mumbai,2013-09-04,Mumbai Indians,Delhi Capitals,Mumbai Indians,bat,normal,0,Mumbai Indians,44,0,KD Karthik,Wankhede Stadium,M Erasmus,VA Kulkarni,,2013,9,normal,1,Mumbai Indians,1
391,IPL-2013,Chandigarh,2013-10-04,Punjab Kings,Chennai Super Kings,Chennai Super Kings,field,normal,0,Chennai Super Kings,0,10,MEK Hussey,"Punjab Cricket Association Stadium, Mohali",Aleem Dar,C Shamshuddin,,2013,10,normal,1,Punjab Kings,0
392,IPL-2013,Bangalore,2013-11-04,Kolkata Knight Riders,Royal Challengers Bangalore,Royal Challengers Bangalore,field,normal,0,Royal Challengers Bangalore,0,8,CH Gayle,M Chinnaswamy Stadium,Asad Rauf,AK Chaudhary,,2013,11,normal,1,Kolkata Knight Riders,0
393,IPL-2013,Pune,2013-11-04,Rajasthan Royals,Pune Warriors,Rajasthan Royals,bat,normal,0,Pune Warriors,0,7,AJ Finch,Subrata Roy Sahara Stadium,M Erasmus,K Srinath,,2013,11,normal,0,Rajasthan Royals,0
394,IPL-2013,Delhi,2013-12-04,Delhi Capitals,Sunrisers Hyderabad,Delhi Capitals,bat,normal,0,Sunrisers Hyderabad,0,3,A Mishra,Feroz Shah Kotla,Aleem Dar,Subroto Das,,2013,12,normal,0,Delhi Capitals,0
395,IPL-2013,Mumbai,2013-04-13,Mumbai Indians,Pune Warriors,Mumbai Indians,bat,normal,0,Mumbai Indians,41,0,RG Sharma,Wankhede Stadium,S Ravi,SJA Taufel,,2013,4,normal,1,Mumbai Indians,1
396,IPL-2013,Chennai,2013-04-13,Royal Challengers Bangalore,Chennai Super Kings,Chennai Super Kings,field,normal,0,Chennai Super Kings,0,4,RA Jadeja,"MA Chidambaram Stadium, Chepauk",Asad Rauf,AK Chaudhary,,2013,4,normal,1,Royal Challengers Bangalore,0
397,IPL-2013,Kolkata,2013-04-14,Kolkata Knight Riders,Sunrisers Hyderabad,Kolkata Knight Riders,bat,normal,0,Kolkata Knight Riders,48,0,G Gambhir,Eden Gardens,M Erasmus,VA Kulkarni,,2013,4,normal,1,Kolkata Knight Riders,1
398,IPL-2013,Jaipur,2013-04-14,Punjab Kings,Rajasthan Royals,Rajasthan Royals,field,normal,0,Rajasthan Royals,0,6,JP Faulkner,Sawai Mansingh Stadium,Aleem Dar,C Shamshuddin,,2013,4,normal,1,Punjab Kings,0
399,IPL-2013,Chennai,2013-04-15,Pune Warriors,Chennai Super Kings,Pune Warriors,bat,normal,0,Pune Warriors,24,0,SPD Smith,"MA Chidambaram Stadium, Chepauk",Asad Rauf,AK Chaudhary,,2013,4,normal,1,Pune Warriors,1
400,IPL-2013,Chandigarh,2013-04-16,Punjab Kings,Kolkata Knight Riders,Kolkata Knight Riders,field,normal,0,Punjab Kings,4,0,MS Gony,"Punjab Cricket Association Stadium, Mohali",CK Nandan,SJA Taufel,,2013,4,normal,0,Punjab Kings,1
402,IPL-2013,Pune,2013-04-17,Sunrisers Hyderabad,Pune Warriors,Pune Warriors,field,normal,0,Sunrisers Hyderabad,11,0,A Mishra,Subrata Roy Sahara Stadium,Asad Rauf,AK Chaudhary,,2013,4,normal,0,Sunrisers Hyderabad,1
403,IPL-2013,Jaipur,2013-04-17,Rajasthan Royals,Mumbai Indians,Rajasthan Royals,bat,normal,0,Rajasthan Royals,87,0,AM Rahane,Sawai Mansingh Stadium,Aleem Dar,C Shamshuddin,,2013,4,normal,1,Rajasthan Royals,1
404,IPL-2013,Delhi,2013-04-18,Chennai Super Kings,Delhi Capitals,Chennai Super Kings,bat,normal,0,Chennai Super Kings,86,0,MEK Hussey,Feroz Shah Kotla,M Erasmus,VA Kulkarni,,2013,4,normal,1,Chennai Super Kings,1
405,IPL-2013,Hyderabad,2013-04-19,Punjab Kings,Sunrisers Hyderabad,Punjab Kings,bat,normal,0,Sunrisers Hyderabad,0,5,GH Vihari,"Rajiv Gandhi International Stadium, Uppal",HDPK Dharmasena,CK Nandan,,2013,4,normal,0,Punjab Kings,0
406,IPL-2013,Kolkata,2013-04-20,Kolkata Knight Riders,Chennai Super Kings,Kolkata Knight Riders,bat,normal,0,Chennai Super Kings,0,4,RA Jadeja,Eden Gardens,Asad Rauf,AK Chaudhary,,2013,4,normal,0,Kolkata Knight Riders,0
407,IPL-2013,Bangalore,2013-04-20,Rajasthan Royals,Royal Challengers Bangalore,Royal Challengers Bangalore,field,normal,0,Royal Challengers Bangalore,0,7,R Vinay Kumar,M Chinnaswamy Stadium,Aleem Dar,C Shamshuddin,,2013,4,normal,1,Rajasthan Royals,0
408,IPL-2013,Delhi,2013-04-21,Mumbai Indians,Delhi Capitals,Mumbai Indians,bat,normal,0,Delhi Capitals,0,9,V Sehwag,Feroz Shah Kotla,HDPK Dharmasena,S Ravi,,2013,4,normal,0,Mumbai Indians,0
409,IPL-2013,Chandigarh,2013-04-21,Pune Warriors,Punjab Kings,Punjab Kings,field,normal,0,Punjab Kings,0,7,DA Miller,"Punjab Cricket Association Stadium, Mohali",M Erasmus,K Srinath,,2013,4,normal,1,Pune Warriors,0
410,IPL-2013,Chennai,2013-04-22,Rajasthan Royals,Chennai Super Kings,Rajasthan Royals,bat,normal,0,Chennai Super Kings,0,5,MEK Hussey,"MA Chidambaram Stadium, Chepauk",S Asnani,AK Chaudhary,,2013,4,normal,0,Rajasthan Royals,0
411,IPL-2013,Bangalore,2013-04-23,Royal Challengers Bangalore,Pune Warriors,Pune Warriors,field,normal,0,Royal Challengers Bangalore,130,0,CH Gayle,M Chinnaswamy Stadium,Aleem Dar,C Shamshuddin,,2013,4,normal,0,Royal Challengers Bangalore,1
412,IPL-2013,Dharamsala,2013-05-16,Punjab Kings,Delhi Capitals,Delhi Capitals,field,normal,0,Punjab Kings,7,0,DA Miller,Himachal Pradesh Cricket Association Stadium,HDPK Dharmasena,S Ravi,,2013,5,normal,0,Punjab Kings,1
413,IPL-2013,Kolkata,2013-04-24,Kolkata Knight Riders,Mumbai Indians,Kolkata Knight Riders,bat,normal,0,Mumbai Indians,0,5,DR Smith,Eden Gardens,HDPK Dharmasena,S Ravi,,2013,4,normal,0,Kolkata Knight Riders,0
414,IPL-2013,Chennai,2013-04-25,Sunrisers Hyderabad,Chennai Super Kings,Sunrisers Hyderabad,bat,normal,0,Chennai Super Kings,0,5,MS Dhoni,"MA Chidambaram Stadium, Chepauk",Aleem Dar,S Das,,2013,4,normal,0,Sunrisers Hyderabad,0
415,IPL-2013,Kolkata,2013-04-26,Punjab Kings,Kolkata Knight Riders,Punjab Kings,bat,normal,0,Kolkata Knight Riders,0,6,JH Kallis,Eden Gardens,CK Nandan,S Ravi,,2013,4,normal,0,Punjab Kings,0
416,IPL-2013,Jaipur,2013-04-27,Sunrisers Hyderabad,Rajasthan Royals,Sunrisers Hyderabad,bat,normal,0,Rajasthan Royals,0,8,JP Faulkner,Sawai Mansingh Stadium,VA Kulkarni,K Srinath,,2013,4,normal,0,Sunrisers Hyderabad,0
417,IPL-2013,Mumbai,2013-04-27,Mumbai Indians,Royal Challengers Bangalore,Mumbai Indians,bat,normal,0,Mumbai Indians,58,0,DR Smith,Wankhede Stadium,Asad Rauf,S Asnani,,2013,4,normal,1,Mumbai Indians,1
418,IPL-2013,Chennai,2013-04-28,Chennai Super Kings,Kolkata Knight Riders,Kolkata Knight Riders,field,normal,0,Chennai Super Kings,14,0,MEK Hussey,"MA Chidambaram Stadium, Chepauk",Aleem Dar,SJA Taufel,,2013,4,normal,0,Chennai Super Kings,1
419,IPL-2013,Raipur,2013-04-28,Delhi Capitals,Pune Warriors,Pune Warriors,field,normal,0,Delhi Capitals,15,0,DA Warner,Shaheed Veer Narayan Singh International Stadium,CK Nandan,S Ravi,,2013,4,normal,0,Delhi Capitals,1
420,IPL-2013,Jaipur,2013-04-29,Royal Challengers Bangalore,Rajasthan Royals,Rajasthan Royals,field,normal,0,Rajasthan Royals,0,4,SV Samson,Sawai Mansingh Stadium,M Erasmus,K Srinath,,2013,4,normal,1,Royal Challengers Bangalore,0
421,IPL-2013,Mumbai,2013-04-29,Mumbai Indians,Punjab Kings,Mumbai Indians,bat,normal,0,Mumbai Indians,4,0,RG Sharma,Wankhede Stadium,Asad Rauf,AK Chaudhary,,2013,4,normal,1,Mumbai Indians,1
422,IPL-2013,Pune,2013-04-30,Chennai Super Kings,Pune Warriors,Chennai Super Kings,bat,normal,0,Chennai Super Kings,37,0,MS Dhoni,Subrata Roy Sahara Stadium,S Das,SJA Taufel,,2013,4,normal,1,Chennai Super Kings,1
423,IPL-2013,Hyderabad,2013-01-05,Mumbai Indians,Sunrisers Hyderabad,Mumbai Indians,bat,normal,0,Sunrisers Hyderabad,0,7,I Sharma,"Rajiv Gandhi International Stadium, Uppal",Asad Rauf,S Asnani,,2013,1,normal,0,Mumbai Indians,0
424,IPL-2013,Raipur,2013-01-05,Kolkata Knight Riders,Delhi Capitals,Kolkata Knight Riders,bat,normal,0,Delhi Capitals,0,7,DA Warner,Shaheed Veer Narayan Singh International Stadium,HDPK Dharmasena,CK Nandan,,2013,1,normal,0,Kolkata Knight Riders,0
425,IPL-2013,Chennai,2013-02-05,Chennai Super Kings,Punjab Kings,Chennai Super Kings,bat,normal,0,Chennai Super Kings,15,0,SK Raina,"MA Chidambaram Stadium, Chepauk",M Erasmus,VA Kulkarni,,2013,2,normal,1,Chennai Super Kings,1
426,IPL-2013,Pune,2013-02-05,Royal Challengers Bangalore,Pune Warriors,Royal Challengers Bangalore,bat,normal,0,Royal Challengers Bangalore,17,0,AB de Villiers,Subrata Roy Sahara Stadium,Aleem Dar,C Shamshuddin,,2013,2,normal,1,Royal Challengers Bangalore,1
427,IPL-2013,Kolkata,2013-03-05,Rajasthan Royals,Kolkata Knight Riders,Rajasthan Royals,bat,normal,0,Kolkata Knight Riders,0,8,YK Pathan,Eden Gardens,HDPK Dharmasena,CK Nandan,,2013,3,normal,0,Rajasthan Royals,0
428,IPL-2013,Hyderabad,2013-04-05,Delhi Capitals,Sunrisers Hyderabad,Delhi Capitals,bat,normal,0,Sunrisers Hyderabad,0,6,DJG Sammy,"Rajiv Gandhi International Stadium, Uppal",Asad Rauf,S Asnani,,2013,4,normal,0,Delhi Capitals,0
429,IPL-2013,Bangalore,2013-05-14,Royal Challengers Bangalore,Punjab Kings,Punjab Kings,field,normal,0,Punjab Kings,0,7,AC Gilchrist,M Chinnaswamy Stadium,HDPK Dharmasena,S Ravi,,2013,5,normal,1,Royal Challengers Bangalore,0
430,IPL-2013,Mumbai,2013-05-05,Mumbai Indians,Chennai Super Kings,Mumbai Indians,bat,normal,0,Mumbai Indians,60,0,MG Johnson,Wankhede Stadium,HDPK Dharmasena,CK Nandan,,2013,5,normal,1,Mumbai Indians,1
431,IPL-2013,Jaipur,2013-05-05,Pune Warriors,Rajasthan Royals,Pune Warriors,bat,normal,0,Rajasthan Royals,0,5,AM Rahane,Sawai Mansingh Stadium,C Shamshuddin,RJ Tucker,,2013,5,normal,0,Pune Warriors,0
432,IPL-2013,Bangalore,2013-09-04,Sunrisers Hyderabad,Royal Challengers Bangalore,Sunrisers Hyderabad,bat,normal,0,Royal Challengers Bangalore,0,7,V Kohli,M Chinnaswamy Stadium,S Ravi,SJA Taufel,,2013,9,normal,0,Sunrisers Hyderabad,0
433,IPL-2013,Jaipur,2013-07-05,Delhi Capitals,Rajasthan Royals,Delhi Capitals,bat,normal,0,Rajasthan Royals,0,9,AM Rahane,Sawai Mansingh Stadium,Aleem Dar,RJ Tucker,,2013,7,normal,0,Delhi Capitals,0
434,IPL-2013,Mumbai,2013-07-05,Mumbai Indians,Kolkata Knight Riders,Mumbai Indians,bat,normal,0,Mumbai Indians,65,0,SR Tendulkar,Wankhede Stadium,HDPK Dharmasena,S Ravi,,2013,7,normal,1,Mumbai Indians,1
435,IPL-2013,Hyderabad,2013-08-05,Chennai Super Kings,Sunrisers Hyderabad,Sunrisers Hyderabad,field,normal,0,Chennai Super Kings,77,0,SK Raina,"Rajiv Gandhi International Stadium, Uppal",S Das,NJ Llong,,2013,8,normal,0,Chennai Super Kings,1
436,IPL-2013,Chandigarh,2013-09-05,Punjab Kings,Rajasthan Royals,Rajasthan Royals,field,normal,0,Rajasthan Royals,0,8,KK Cooper,"Punjab Cricket Association Stadium, Mohali",HDPK Dharmasena,S Ravi,,2013,9,normal,1,Punjab Kings,0
437,IPL-2013,Pune,2013-09-05,Kolkata Knight Riders,Pune Warriors,Kolkata Knight Riders,bat,normal,0,Kolkata Knight Riders,46,0,G Gambhir,Subrata Roy Sahara Stadium,Asad Rauf,S Asnani,,2013,9,normal,1,Kolkata Knight Riders,1
438,IPL-2013,Delhi,2013-10-05,Royal Challengers Bangalore,Delhi Capitals,Delhi Capitals,field,normal,0,Royal Challengers Bangalore,4,0,JD Unadkat,Feroz Shah Kotla,NJ Llong,K Srinath,,2013,10,normal,0,Royal Challengers Bangalore,1
439,IPL-2013,Pune,2013-11-05,Pune Warriors,Mumbai Indians,Pune Warriors,bat,normal,0,Mumbai Indians,0,5,MG Johnson,Subrata Roy Sahara Stadium,Asad Rauf,AK Chaudhary,,2013,11,normal,0,Pune Warriors,0
440,IPL-2013,Chandigarh,2013-11-05,Sunrisers Hyderabad,Punjab Kings,Punjab Kings,field,normal,0,Sunrisers Hyderabad,30,0,PA Patel,"Punjab Cricket Association Stadium, Mohali",S Das,RJ Tucker,,2013,11,normal,0,Sunrisers Hyderabad,1
441,IPL-2013,Ranchi,2013-12-05,Royal Challengers Bangalore,Kolkata Knight Riders,Kolkata Knight Riders,field,normal,0,Kolkata Knight Riders,0,5,JH Kallis,JSCA International Stadium Complex,NJ Llong,K Srinath,,2013,12,normal,1,Royal Challengers Bangalore,0
442,IPL-2013,Jaipur,2013-12-05,Chennai Super Kings,Rajasthan Royals,Rajasthan Royals,field,normal,0,Rajasthan Royals,0,5,SR Watson,Sawai Mansingh Stadium,HDPK Dharmasena,CK Nandan,,2013,12,normal,1,Chennai Super Kings,0
443,IPL-2013,Delhi,2013-04-23,Delhi Capitals,Punjab Kings,Punjab Kings,field,normal,0,Punjab Kings,0,5,Harmeet Singh,Feroz Shah Kotla,VA Kulkarni,K Srinath,,2013,4,normal,1,Delhi Capitals,0
444,IPL-2013,Mumbai,2013-05-13,Sunrisers Hyderabad,Mumbai Indians,Sunrisers Hyderabad,bat,normal,0,Mumbai Indians,0,7,KA Pollard,Wankhede Stadium,AK Chaudhary,SJA Taufel,,2013,5,normal,0,Sunrisers Hyderabad,0
445,IPL-2013,Ranchi,2013-05-15,Pune Warriors,Kolkata Knight Riders,Kolkata Knight Riders,field,normal,0,Pune Warriors,7,0,MK Pandey,JSCA International Stadium Complex,NJ Llong,K Srinath,,2013,5,normal,0,Pune Warriors,1
446,IPL-2013,Chennai,2013-05-14,Chennai Super Kings,Delhi Capitals,Chennai Super Kings,bat,normal,0,Chennai Super Kings,33,0,MS Dhoni,"MA Chidambaram Stadium, Chepauk",C Shamshuddin,RJ Tucker,,2013,5,normal,1,Chennai Super Kings,1
447,IPL-2013,Mumbai,2013-05-15,Mumbai Indians,Rajasthan Royals,Rajasthan Royals,field,normal,0,Mumbai Indians,14,0,AP Tare,Wankhede Stadium,Asad Rauf,S Asnani,,2013,5,normal,0,Mumbai Indians,1
448,IPL-2013,Chandigarh,2013-06-05,Royal Challengers Bangalore,Punjab Kings,Punjab Kings,field,normal,0,Punjab Kings,0,6,DA Miller,"Punjab Cricket Association Stadium, Mohali",VA Kulkarni,NJ Llong,,2013,6,normal,1,Royal Challengers Bangalore,0
449,IPL-2013,Hyderabad,2013-05-17,Sunrisers Hyderabad,Rajasthan Royals,Sunrisers Hyderabad,bat,normal,0,Sunrisers Hyderabad,23,0,A Mishra,"Rajiv Gandhi International Stadium, Uppal",Asad Rauf,AK Chaudhary,,2013,5,normal,1,Sunrisers Hyderabad,1
450,IPL-2013,Dharamsala,2013-05-18,Punjab Kings,Mumbai Indians,Mumbai Indians,field,normal,0,Punjab Kings,50,0,Azhar Mahmood,Himachal Pradesh Cricket Association Stadium,HDPK Dharmasena,CK Nandan,,2013,5,normal,0,Punjab Kings,1
451,IPL-2013,Pune,2013-05-19,Pune Warriors,Delhi Capitals,Pune Warriors,bat,normal,0,Pune Warriors,38,0,LJ Wright,Subrata Roy Sahara Stadium,NJ Llong,SJA Taufel,,2013,5,normal,1,Pune Warriors,1
452,IPL-2013,Bangalore,2013-05-18,Royal Challengers Bangalore,Chennai Super Kings,Chennai Super Kings,field,normal,0,Royal Challengers Bangalore,24,0,V Kohli,M Chinnaswamy Stadium,C Shamshuddin,RJ Tucker,,2013,5,normal,0,Royal Challengers Bangalore,1
453,IPL-2013,Hyderabad,2013-05-19,Kolkata Knight Riders,Sunrisers Hyderabad,Kolkata Knight Riders,bat,normal,0,Sunrisers Hyderabad,0,5,PA Patel,"Rajiv Gandhi International Stadium, Uppal",Asad Rauf,S Asnani,,2013,5,normal,0,Kolkata Knight Riders,0
454,IPL-2013,Delhi,2013-05-21,Chennai Super Kings,Mumbai Indians,Chennai Super Kings,bat,normal,0,Chennai Super Kings,48,0,MEK Hussey,Feroz Shah Kotla,NJ Llong,RJ Tucker,,2013,5,normal,1,Chennai Super Kings,1
455,IPL-2013,Delhi,2013-05-22,Sunrisers Hyderabad,Rajasthan Royals,Sunrisers Hyderabad,bat,normal,0,Rajasthan Royals,0,4,BJ Hodge,Feroz Shah Kotla,S Ravi,RJ Tucker,,2013,5,normal,0,Sunrisers Hyderabad,0
456,IPL-2013,Kolkata,2013-05-24,Rajasthan Royals,Mumbai Indians,Rajasthan Royals,bat,normal,0,Mumbai Indians,0,4,Harbhajan Singh,Eden Gardens,C Shamshuddin,SJA Taufel,,2013,5,normal,0,Rajasthan Royals,0
457,IPL-2013,Kolkata,2013-05-26,Mumbai Indians,Chennai Super Kings,Mumbai Indians,bat,normal,0,Mumbai Indians,23,0,KA Pollard,Eden Gardens,HDPK Dharmasena,SJA Taufel,,2013,5,normal,1,Mumbai Indians,1
458,IPL-2014,Abu Dhabi,2014-04-16,Kolkata Knight Riders,Mumbai Indians,Kolkata Knight Riders,bat,normal,0,Kolkata Knight Riders,41,0,JH Kallis,Sheikh Zayed Stadium,M Erasmus,RK Illingworth,,2014,4,normal,1,Kolkata Knight Riders,1
459,IPL-2014,Sharjah,2014-04-17,Delhi Capitals,Royal Challengers Bangalore,Royal Challengers Bangalore,field,normal,0,Royal Challengers Bangalore,0,8,YS Chahal,Sharjah Cricket Stadium,Aleem Dar,S Ravi,,2014,4,normal,1,Delhi Capitals,0
460,IPL-2014,Abu Dhabi,2014-04-18,Chennai Super Kings,Punjab Kings,Chennai Super Kings,bat,normal,0,Punjab Kings,0,6,GJ Maxwell,Sheikh Zayed Stadium,RK Illingworth,C Shamshuddin,,2014,4,normal,0,Chennai Super Kings,0
461,IPL-2014,Abu Dhabi,2014-04-18,Sunrisers Hyderabad,Rajasthan Royals,Rajasthan Royals,field,normal,0,Rajasthan Royals,0,4,AM Rahane,Sheikh Zayed Stadium,BF Bowden,RK Illingworth,,2014,4,normal,1,Sunrisers Hyderabad,0
462,IPL-2014,,2014-04-19,Mumbai Indians,Royal Challengers Bangalore,Royal Challengers Bangalore,field,normal,0,Royal Challengers Bangalore,0,7,PA Patel,Dubai International Cricket Stadium,Aleem Dar,AK Chaudhary,,2014,4,normal,1,Mumbai Indians,0
463,IPL-2014,,2014-04-19,Kolkata Knight Riders,Delhi Capitals,Kolkata Knight Riders,bat,normal,0,Delhi Capitals,0,4,JP Duminy,Dubai International Cricket Stadium,Aleem Dar,VA Kulkarni,,2014,4,normal,0,Kolkata Knight Riders,0
464,IPL-2014,Sharjah,2014-04-20,Rajasthan Royals,Punjab Kings,Punjab Kings,field,normal,0,Punjab Kings,0,7,GJ Maxwell,Sharjah Cricket Stadium,BF Bowden,M Erasmus,,2014,4,normal,1,Rajasthan Royals,0
465,IPL-2014,Abu Dhabi,2014-04-21,Chennai Super Kings,Delhi Capitals,Chennai Super Kings,bat,normal,0,Chennai Super Kings,93,0,SK Raina,Sheikh Zayed Stadium,RK Illingworth,C Shamshuddin,,2014,4,normal,1,Chennai Super Kings,1
466,IPL-2014,Sharjah,2014-04-22,Punjab Kings,Sunrisers Hyderabad,Sunrisers Hyderabad,field,normal,0,Punjab Kings,72,0,GJ Maxwell,Sharjah Cricket Stadium,M Erasmus,S Ravi,,2014,4,normal,0,Punjab Kings,1
467,IPL-2014,,2014-04-23,Chennai Super Kings,Rajasthan Royals,Rajasthan Royals,field,normal,0,Chennai Super Kings,7,0,RA Jadeja,Dubai International Cricket Stadium,HDPK Dharmasena,RK Illingworth,,2014,4,normal,0,Chennai Super Kings,1
468,IPL-2014,Sharjah,2014-04-24,Kolkata Knight Riders,Royal Challengers Bangalore,Royal Challengers Bangalore,field,normal,0,Kolkata Knight Riders,2,0,CA Lynn,Sharjah Cricket Stadium,Aleem Dar,VA Kulkarni,,2014,4,normal,0,Kolkata Knight Riders,1
469,IPL-2014,,2014-04-25,Sunrisers Hyderabad,Delhi Capitals,Sunrisers Hyderabad,bat,normal,0,Sunrisers Hyderabad,4,0,AJ Finch,Dubai International Cricket Stadium,M Erasmus,S Ravi,,2014,4,normal,1,Sunrisers Hyderabad,1
470,IPL-2014,,2014-04-25,Mumbai Indians,Chennai Super Kings,Mumbai Indians,bat,normal,0,Chennai Super Kings,0,7,MM Sharma,Dubai International Cricket Stadium,BF Bowden,M Erasmus,,2014,4,normal,0,Mumbai Indians,0
471,IPL-2014,Abu Dhabi,2014-04-26,Royal Challengers Bangalore,Rajasthan Royals,Rajasthan Royals,field,normal,0,Rajasthan Royals,0,6,PV Tambe,Sheikh Zayed Stadium,HDPK Dharmasena,C Shamshuddin,,2014,4,normal,1,Royal Challengers Bangalore,0
472,IPL-2014,Abu Dhabi,2014-04-26,Punjab Kings,Kolkata Knight Riders,Kolkata Knight Riders,field,normal,0,Punjab Kings,23,0,Sandeep Sharma,Sheikh Zayed Stadium,HDPK Dharmasena,RK Illingworth,,2014,4,normal,0,Punjab Kings,1
473,IPL-2014,Sharjah,2014-04-27,Mumbai Indians,Delhi Capitals,Mumbai Indians,bat,normal,0,Delhi Capitals,0,6,M Vijay,Sharjah Cricket Stadium,Aleem Dar,VA Kulkarni,,2014,4,normal,0,Mumbai Indians,0
474,IPL-2014,Sharjah,2014-04-27,Sunrisers Hyderabad,Chennai Super Kings,Sunrisers Hyderabad,bat,normal,0,Chennai Super Kings,0,5,DR Smith,Sharjah Cricket Stadium,AK Chaudhary,VA Kulkarni,,2014,4,normal,0,Sunrisers Hyderabad,0
475,IPL-2014,,2014-04-28,Royal Challengers Bangalore,Punjab Kings,Punjab Kings,field,normal,0,Punjab Kings,0,5,Sandeep Sharma,Dubai International Cricket Stadium,BF Bowden,S Ravi,,2014,4,normal,1,Royal Challengers Bangalore,0
477,IPL-2014,,2014-04-30,Sunrisers Hyderabad,Mumbai Indians,Mumbai Indians,field,normal,0,Sunrisers Hyderabad,15,0,B Kumar,Dubai International Cricket Stadium,HDPK Dharmasena,M Erasmus,,2014,4,normal,0,Sunrisers Hyderabad,1
478,IPL-2014,Ranchi,2014-02-05,Chennai Super Kings,Kolkata Knight Riders,Chennai Super Kings,bat,normal,0,Chennai Super Kings,34,0,RA Jadeja,JSCA International Stadium Complex,AK Chaudhary,NJ Llong,,2014,2,normal,1,Chennai Super Kings,1
479,IPL-2014,Mumbai,2014-03-05,Punjab Kings,Mumbai Indians,Punjab Kings,bat,normal,0,Mumbai Indians,0,5,CJ Anderson,Wankhede Stadium,BNJ Oxenford,C Shamshuddin,,2014,3,normal,0,Punjab Kings,0
480,IPL-2014,Delhi,2014-03-05,Delhi Capitals,Rajasthan Royals,Rajasthan Royals,field,normal,0,Rajasthan Royals,0,7,KK Nair,Feroz Shah Kotla,SS Hazare,S Ravi,,2014,3,normal,1,Delhi Capitals,0
481,IPL-2014,Bangalore,2014-04-05,Sunrisers Hyderabad,Royal Challengers Bangalore,Royal Challengers Bangalore,field,normal,0,Royal Challengers Bangalore,0,4,AB de Villiers,M Chinnaswamy Stadium,HDPK Dharmasena,VA Kulkarni,,2014,4,normal,1,Sunrisers Hyderabad,0
482,IPL-2014,Ahmedabad,2014-05-05,Rajasthan Royals,Kolkata Knight Riders,Kolkata Knight Riders,field,normal,0,Rajasthan Royals,10,0,PV Tambe,"Sardar Patel Stadium, Motera",NJ Llong,CK Nandan,,2014,5,normal,0,Rajasthan Royals,1
483,IPL-2014,Delhi,2014-05-05,Delhi Capitals,Chennai Super Kings,Chennai Super Kings,field,normal,0,Chennai Super Kings,0,8,DR Smith,Feroz Shah Kotla,RM Deshpande,BNJ Oxenford,,2014,5,normal,1,Delhi Capitals,0
484,IPL-2014,Mumbai,2014-06-05,Mumbai Indians,Royal Challengers Bangalore,Royal Challengers Bangalore,field,normal,0,Mumbai Indians,19,0,RG Sharma,Wankhede Stadium,S Ravi,K Srinath,,2014,6,normal,0,Mumbai Indians,1
485,IPL-2014,Delhi,2014-07-05,Delhi Capitals,Kolkata Knight Riders,Delhi Capitals,bat,normal,0,Kolkata Knight Riders,0,8,G Gambhir,Feroz Shah Kotla,BNJ Oxenford,C Shamshuddin,,2014,7,normal,0,Delhi Capitals,0
486,IPL-2014,Cuttack,2014-07-05,Punjab Kings,Chennai Super Kings,Chennai Super Kings,field,normal,0,Punjab Kings,44,0,GJ Maxwell,Barabati Stadium,HDPK Dharmasena,PG Pathak,,2014,7,normal,0,Punjab Kings,1
487,IPL-2014,Ahmedabad,2014-08-05,Sunrisers Hyderabad,Rajasthan Royals,Rajasthan Royals,field,normal,0,Sunrisers Hyderabad,32,0,B Kumar,"Sardar Patel Stadium, Motera",AK Chaudhary,NJ Llong,,2014,8,normal,0,Sunrisers Hyderabad,1
488,IPL-2014,Bangalore,2014-09-05,Punjab Kings,Royal Challengers Bangalore,Royal Challengers Bangalore,field,normal,0,Punjab Kings,32,0,Sandeep Sharma,M Chinnaswamy Stadium,S Ravi,K Srinath,,2014,9,normal,0,Punjab Kings,1
489,IPL-2014,Delhi,2014-10-05,Delhi Capitals,Sunrisers Hyderabad,Sunrisers Hyderabad,field,normal,1,Sunrisers Hyderabad,0,8,DW Steyn,Feroz Shah Kotla,RM Deshpande,BNJ Oxenford,,2014,10,normal,1,Delhi Capitals,0
490,IPL-2014,Mumbai,2014-10-05,Mumbai Indians,Chennai Super Kings,Chennai Super Kings,field,normal,0,Chennai Super Kings,0,4,DR Smith,Wankhede Stadium,HDPK Dharmasena,VA Kulkarni,,2014,10,normal,1,Mumbai Indians,0
491,IPL-2014,Cuttack,2014-11-05,Punjab Kings,Kolkata Knight Riders,Kolkata Knight Riders,field,normal,0,Kolkata Knight Riders,0,9,G Gambhir,Barabati Stadium,NJ Llong,CK Nandan,,2014,11,normal,1,Punjab Kings,0
492,IPL-2014,Bangalore,2014-11-05,Royal Challengers Bangalore,Rajasthan Royals,Royal Challengers Bangalore,bat,normal,0,Rajasthan Royals,0,5,JP Faulkner,M Chinnaswamy Stadium,S Ravi,RJ Tucker,,2014,11,normal,0,Royal Challengers Bangalore,0
493,IPL-2014,Hyderabad,2014-12-05,Sunrisers Hyderabad,Mumbai Indians,Sunrisers Hyderabad,bat,normal,0,Mumbai Indians,0,7,AT Rayudu,"Rajiv Gandhi International Stadium, Uppal",HDPK Dharmasena,VA Kulkarni,,2014,12,normal,0,Sunrisers Hyderabad,0
494,IPL-2014,Ranchi,2014-05-13,Rajasthan Royals,Chennai Super Kings,Rajasthan Royals,bat,normal,0,Chennai Super Kings,0,5,RA Jadeja,JSCA International Stadium Complex,BNJ Oxenford,C Shamshuddin,,2014,5,normal,0,Rajasthan Royals,0
495,IPL-2014,Bangalore,2014-05-13,Royal Challengers Bangalore,Delhi Capitals,Delhi Capitals,field,normal,0,Royal Challengers Bangalore,16,0,Yuvraj Singh,M Chinnaswamy Stadium,K Srinath,RJ Tucker,,2014,5,normal,0,Royal Challengers Bangalore,1
496,IPL-2014,Hyderabad,2014-05-14,Sunrisers Hyderabad,Punjab Kings,Punjab Kings,field,normal,0,Punjab Kings,0,6,WP Saha,"Rajiv Gandhi International Stadium, Uppal",VA Kulkarni,PG Pathak,,2014,5,normal,1,Sunrisers Hyderabad,0
497,IPL-2014,Cuttack,2014-05-14,Mumbai Indians,Kolkata Knight Riders,Kolkata Knight Riders,field,normal,0,Kolkata Knight Riders,0,6,RV Uthappa,Barabati Stadium,AK Chaudhary,NJ Llong,,2014,5,normal,1,Mumbai Indians,0
498,IPL-2014,Ahmedabad,2014-05-15,Rajasthan Royals,Delhi Capitals,Delhi Capitals,field,normal,0,Rajasthan Royals,62,0,AM Rahane,"Sardar Patel Stadium, Motera",S Ravi,RJ Tucker,,2014,5,normal,0,Rajasthan Royals,1
499,IPL-2014,Ranchi,2014-05-18,Chennai Super Kings,Royal Challengers Bangalore,Chennai Super Kings,bat,normal,0,Royal Challengers Bangalore,0,5,AB de Villiers,JSCA International Stadium Complex,BNJ Oxenford,C Shamshuddin,,2014,5,normal,0,Chennai Super Kings,0
500,IPL-2014,Hyderabad,2014-05-18,Sunrisers Hyderabad,Kolkata Knight Riders,Sunrisers Hyderabad,bat,normal,0,Kolkata Knight Riders,0,7,UT Yadav,"Rajiv Gandhi International Stadium, Uppal",NJ Llong,CK Nandan,,2014,5,normal,0,Sunrisers Hyderabad,0
501,IPL-2014,Ahmedabad,2014-05-19,Mumbai Indians,Rajasthan Royals,Mumbai Indians,bat,normal,0,Mumbai Indians,25,0,MEK Hussey,"Sardar Patel Stadium, Motera",S Ravi,RJ Tucker,,2014,5,normal,1,Mumbai Indians,1
502,IPL-2014,Delhi,2014-05-19,Delhi Capitals,Punjab Kings,Punjab Kings,field,normal,0,Punjab Kings,0,4,AR Patel,Feroz Shah Kotla,HDPK Dharmasena,PG Pathak,,2014,5,normal,1,Delhi Capitals,0
503,IPL-2014,Hyderabad,2014-05-20,Royal Challengers Bangalore,Sunrisers Hyderabad,Royal Challengers Bangalore,bat,normal,0,Sunrisers Hyderabad,0,7,DA Warner,"Rajiv Gandhi International Stadium, Uppal",AK Chaudhary,NJ Llong,,2014,5,normal,0,Royal Challengers Bangalore,0
504,IPL-2014,Kolkata,2014-05-20,Chennai Super Kings,Kolkata Knight Riders,Kolkata Knight Riders,field,normal,0,Kolkata Knight Riders,0,8,RV Uthappa,Eden Gardens,RM Deshpande,C Shamshuddin,,2014,5,normal,1,Chennai Super Kings,0
505,IPL-2014,Chandigarh,2014-05-21,Punjab Kings,Mumbai Indians,Mumbai Indians,field,normal,0,Mumbai Indians,0,7,LMP Simmons,"Punjab Cricket Association Stadium, Mohali",HDPK Dharmasena,VA Kulkarni,,2014,5,normal,1,Punjab Kings,0
506,IPL-2014,Kolkata,2014-05-22,Kolkata Knight Riders,Royal Challengers Bangalore,Royal Challengers Bangalore,field,normal,0,Kolkata Knight Riders,30,0,RV Uthappa,Eden Gardens,AK Chaudhary,CK Nandan,,2014,5,normal,0,Kolkata Knight Riders,1
507,IPL-2014,Ranchi,2014-05-22,Chennai Super Kings,Sunrisers Hyderabad,Sunrisers Hyderabad,field,normal,0,Sunrisers Hyderabad,0,6,DA Warner,JSCA International Stadium Complex,BNJ Oxenford,C Shamshuddin,,2014,5,normal,1,Chennai Super Kings,0
508,IPL-2014,Mumbai,2014-05-23,Mumbai Indians,Delhi Capitals,Delhi Capitals,field,normal,0,Mumbai Indians,15,0,MEK Hussey,Wankhede Stadium,S Ravi,RJ Tucker,,2014,5,normal,0,Mumbai Indians,1
509,IPL-2014,Chandigarh,2014-05-23,Punjab Kings,Rajasthan Royals,Rajasthan Royals,field,normal,0,Punjab Kings,16,0,SE Marsh,"Punjab Cricket Association Stadium, Mohali",HDPK Dharmasena,PG Pathak,,2014,5,normal,0,Punjab Kings,1
510,IPL-2014,Bangalore,2014-05-24,Royal Challengers Bangalore,Chennai Super Kings,Chennai Super Kings,field,normal,0,Chennai Super Kings,0,8,MS Dhoni,M Chinnaswamy Stadium,AK Chaudhary,NJ Llong,,2014,5,normal,1,Royal Challengers Bangalore,0
511,IPL-2014,Kolkata,2014-05-24,Sunrisers Hyderabad,Kolkata Knight Riders,Kolkata Knight Riders,field,normal,0,Kolkata Knight Riders,0,4,YK Pathan,Eden Gardens,RM Deshpande,BNJ Oxenford,,2014,5,normal,1,Sunrisers Hyderabad,0
512,IPL-2014,Chandigarh,2014-05-25,Delhi Capitals,Punjab Kings,Punjab Kings,field,normal,0,Punjab Kings,0,7,M Vohra,"Punjab Cricket Association Stadium, Mohali",HDPK Dharmasena,VA Kulkarni,,2014,5,normal,1,Delhi Capitals,0
513,IPL-2014,Mumbai,2014-05-25,Rajasthan Royals,Mumbai Indians,Mumbai Indians,field,normal,0,Mumbai Indians,0,5,CJ Anderson,Wankhede Stadium,K Srinath,RJ Tucker,,2014,5,normal,1,Rajasthan Royals,0
514,IPL-2014,Kolkata,2014-05-27,Kolkata Knight Riders,Punjab Kings,Punjab Kings,field,normal,0,Kolkata Knight Riders,28,0,UT Yadav,Eden Gardens,NJ Llong,S Ravi,,2014,5,normal,0,Kolkata Knight Riders,1
515,IPL-2014,Mumbai,2014-05-28,Mumbai Indians,Chennai Super Kings,Chennai Super Kings,field,normal,0,Chennai Super Kings,0,7,SK Raina,Brabourne Stadium,VA Kulkarni,BNJ Oxenford,,2014,5,normal,1,Mumbai Indians,0
516,IPL-2014,Mumbai,2014-05-30,Punjab Kings,Chennai Super Kings,Chennai Super Kings,field,normal,0,Punjab Kings,24,0,V Sehwag,Wankhede Stadium,HDPK Dharmasena,RJ Tucker,,2014,5,normal,0,Punjab Kings,1
517,IPL-2014,Bangalore,2014-01-06,Punjab Kings,Kolkata Knight Riders,Kolkata Knight Riders,field,normal,0,Kolkata Knight Riders,0,3,MK Pandey,M Chinnaswamy Stadium,HDPK Dharmasena,BNJ Oxenford,,2014,1,normal,1,Punjab Kings,0
518,IPL-2015,Kolkata,2015-08-04,Mumbai Indians,Kolkata Knight Riders,Kolkata Knight Riders,field,normal,0,Kolkata Knight Riders,0,7,M Morkel,Eden Gardens,S Ravi,C Shamshuddin,,2015,8,normal,1,Mumbai Indians,0
519,IPL-2015,Chennai,2015-09-04,Chennai Super Kings,Delhi Capitals,Delhi Capitals,field,normal,0,Chennai Super Kings,1,0,A Nehra,"MA Chidambaram Stadium, Chepauk",RK Illingworth,VA Kulkarni,,2015,9,normal,0,Chennai Super Kings,1
520,IPL-2015,Pune,2015-10-04,Rajasthan Royals,Punjab Kings,Punjab Kings,field,normal,0,Rajasthan Royals,26,0,JP Faulkner,Maharashtra Cricket Association Stadium,SD Fry,CB Gaffaney,,2015,10,normal,0,Rajasthan Royals,1
521,IPL-2015,Chennai,2015-11-04,Chennai Super Kings,Sunrisers Hyderabad,Chennai Super Kings,bat,normal,0,Chennai Super Kings,45,0,BB McCullum,"MA Chidambaram Stadium, Chepauk",RK Illingworth,VA Kulkarni,,2015,11,normal,1,Chennai Super Kings,1
522,IPL-2015,Kolkata,2015-11-04,Kolkata Knight Riders,Royal Challengers Bangalore,Royal Challengers Bangalore,field,normal,0,Royal Challengers Bangalore,0,3,CH Gayle,Eden Gardens,S Ravi,C Shamshuddin,,2015,11,normal,1,Kolkata Knight Riders,0
523,IPL-2015,Delhi,2015-12-04,Delhi Capitals,Rajasthan Royals,Rajasthan Royals,field,normal,0,Rajasthan Royals,0,3,DJ Hooda,Feroz Shah Kotla,SD Fry,CB Gaffaney,,2015,12,normal,1,Delhi Capitals,0
524,IPL-2015,Mumbai,2015-12-04,Punjab Kings,Mumbai Indians,Mumbai Indians,field,normal,0,Punjab Kings,18,0,GJ Bailey,Wankhede Stadium,AK Chaudhary,K Srinivasan,,2015,12,normal,0,Punjab Kings,1
525,IPL-2015,Bangalore,2015-04-13,Royal Challengers Bangalore,Sunrisers Hyderabad,Sunrisers Hyderabad,field,normal,0,Sunrisers Hyderabad,0,8,DA Warner,M Chinnaswamy Stadium,RM Deshpande,RK Illingworth,,2015,4,normal,1,Royal Challengers Bangalore,0
526,IPL-2015,Ahmedabad,2015-04-14,Mumbai Indians,Rajasthan Royals,Mumbai Indians,bat,normal,0,Rajasthan Royals,0,7,SPD Smith,"Sardar Patel Stadium, Motera",AK Chaudhary,SD Fry,,2015,4,normal,0,Mumbai Indians,0
527,IPL-2015,Kolkata,2015-04-30,Chennai Super Kings,Kolkata Knight Riders,Kolkata Knight Riders,field,normal,0,Kolkata Knight Riders,0,7,AD Russell,Eden Gardens,AK Chaudhary,M Erasmus,,2015,4,normal,1,Chennai Super Kings,0
528,IPL-2015,Pune,2015-04-15,Punjab Kings,Delhi Capitals,Punjab Kings,bat,normal,0,Delhi Capitals,0,5,MA Agarwal,Maharashtra Cricket Association Stadium,CB Gaffaney,K Srinath,,2015,4,normal,0,Punjab Kings,0
529,IPL-2015,Visakhapatnam,2015-04-16,Sunrisers Hyderabad,Rajasthan Royals,Rajasthan Royals,field,normal,0,Rajasthan Royals,0,6,AM Rahane,Dr. Y.S. Rajasekhara Reddy ACA-VDCA Cricket Stadium,PG Pathak,S Ravi,,2015,4,normal,1,Sunrisers Hyderabad,0
530,IPL-2015,Mumbai,2015-04-17,Mumbai Indians,Chennai Super Kings,Mumbai Indians,bat,normal,0,Chennai Super Kings,0,6,A Nehra,Wankhede Stadium,AK Chaudhary,M Erasmus,,2015,4,normal,0,Mumbai Indians,0
531,IPL-2015,Visakhapatnam,2015-04-18,Delhi Capitals,Sunrisers Hyderabad,Delhi Capitals,bat,normal,0,Delhi Capitals,4,0,JP Duminy,Dr. Y.S. Rajasekhara Reddy ACA-VDCA Cricket Stadium,PG Pathak,S Ravi,,2015,4,normal,1,Delhi Capitals,1
532,IPL-2015,Pune,2015-04-18,Punjab Kings,Kolkata Knight Riders,Kolkata Knight Riders,field,normal,0,Kolkata Knight Riders,0,4,AD Russell,Maharashtra Cricket Association Stadium,SD Fry,CK Nandan,,2015,4,normal,1,Punjab Kings,0
533,IPL-2015,Ahmedabad,2015-04-19,Chennai Super Kings,Rajasthan Royals,Chennai Super Kings,bat,normal,0,Rajasthan Royals,0,8,AM Rahane,"Sardar Patel Stadium, Motera",AK Chaudhary,M Erasmus,,2015,4,normal,0,Chennai Super Kings,0
534,IPL-2015,Bangalore,2015-04-19,Mumbai Indians,Royal Challengers Bangalore,Royal Challengers Bangalore,field,normal,0,Mumbai Indians,18,0,Harbhajan Singh,M Chinnaswamy Stadium,RK Illingworth,VA Kulkarni,,2015,4,normal,0,Mumbai Indians,1
535,IPL-2015,Delhi,2015-04-20,Delhi Capitals,Kolkata Knight Riders,Kolkata Knight Riders,field,normal,0,Kolkata Knight Riders,0,6,UT Yadav,Feroz Shah Kotla,SD Fry,CB Gaffaney,,2015,4,normal,1,Delhi Capitals,0
537,IPL-2015,Visakhapatnam,2015-04-22,Sunrisers Hyderabad,Kolkata Knight Riders,Kolkata Knight Riders,field,normal,1,Sunrisers Hyderabad,16,0,DA Warner,Dr. Y.S. Rajasekhara Reddy ACA-VDCA Cricket Stadium,RK Illingworth,VA Kulkarni,,2015,4,normal,0,Sunrisers Hyderabad,1
538,IPL-2015,Bangalore,2015-04-22,Chennai Super Kings,Royal Challengers Bangalore,Royal Challengers Bangalore,field,normal,0,Chennai Super Kings,27,0,SK Raina,M Chinnaswamy Stadium,JD Cloete,C Shamshuddin,,2015,4,normal,0,Chennai Super Kings,1
539,IPL-2015,Delhi,2015-04-23,Delhi Capitals,Mumbai Indians,Mumbai Indians,field,normal,0,Delhi Capitals,37,0,SS Iyer,Feroz Shah Kotla,SD Fry,CK Nandan,,2015,4,normal,0,Delhi Capitals,1
540,IPL-2015,Ahmedabad,2015-04-24,Rajasthan Royals,Royal Challengers Bangalore,Royal Challengers Bangalore,field,normal,0,Royal Challengers Bangalore,0,9,MA Starc,"Sardar Patel Stadium, Motera",M Erasmus,S Ravi,,2015,4,normal,1,Rajasthan Royals,0
541,IPL-2015,Mumbai,2015-04-25,Mumbai Indians,Sunrisers Hyderabad,Mumbai Indians,bat,normal,0,Mumbai Indians,20,0,SL Malinga,Wankhede Stadium,HDPK Dharmasena,CB Gaffaney,,2015,4,normal,1,Mumbai Indians,1
542,IPL-2015,Chennai,2015-04-25,Chennai Super Kings,Punjab Kings,Chennai Super Kings,bat,normal,0,Chennai Super Kings,97,0,BB McCullum,"MA Chidambaram Stadium, Chepauk",JD Cloete,C Shamshuddin,,2015,4,normal,1,Chennai Super Kings,1
543,IPL-2015,Delhi,2015-04-26,Delhi Capitals,Royal Challengers Bangalore,Royal Challengers Bangalore,field,normal,0,Royal Challengers Bangalore,0,10,VR Aaron,Feroz Shah Kotla,M Erasmus,S Ravi,,2015,4,normal,1,Delhi Capitals,0
544,IPL-2015,Chandigarh,2015-04-27,Sunrisers Hyderabad,Punjab Kings,Punjab Kings,field,normal,0,Sunrisers Hyderabad,20,0,TA Boult,"Punjab Cricket Association Stadium, Mohali",HDPK Dharmasena,CB Gaffaney,,2015,4,normal,0,Sunrisers Hyderabad,1
545,IPL-2015,Kolkata,2015-07-05,Kolkata Knight Riders,Delhi Capitals,Kolkata Knight Riders,bat,normal,0,Kolkata Knight Riders,13,0,PP Chawla,Eden Gardens,AK Chaudhary,M Erasmus,,2015,7,normal,1,Kolkata Knight Riders,1
547,IPL-2015,Chennai,2015-04-28,Chennai Super Kings,Kolkata Knight Riders,Kolkata Knight Riders,field,normal,0,Chennai Super Kings,2,0,DJ Bravo,"MA Chidambaram Stadium, Chepauk",RM Deshpande,VA Kulkarni,,2015,4,normal,0,Chennai Super Kings,1
548,IPL-2015,Delhi,2015-01-05,Punjab Kings,Delhi Capitals,Delhi Capitals,field,normal,0,Delhi Capitals,0,9,NM Coulter-Nile,Feroz Shah Kotla,RK Illingworth,S Ravi,,2015,1,normal,1,Punjab Kings,0
549,IPL-2015,Mumbai,2015-01-05,Mumbai Indians,Rajasthan Royals,Rajasthan Royals,field,normal,0,Mumbai Indians,8,0,AT Rayudu,Wankhede Stadium,HDPK Dharmasena,CK Nandan,,2015,1,normal,0,Mumbai Indians,1
550,IPL-2015,Bangalore,2015-02-05,Kolkata Knight Riders,Royal Challengers Bangalore,Royal Challengers Bangalore,field,normal,0,Royal Challengers Bangalore,0,7,Mandeep Singh,M Chinnaswamy Stadium,JD Cloete,PG Pathak,,2015,2,normal,1,Kolkata Knight Riders,0
551,IPL-2015,Hyderabad,2015-02-05,Sunrisers Hyderabad,Chennai Super Kings,Chennai Super Kings,field,normal,0,Sunrisers Hyderabad,22,0,DA Warner,"Rajiv Gandhi International Stadium, Uppal",AK Chaudhary,K Srinivasan,,2015,2,normal,0,Sunrisers Hyderabad,1
552,IPL-2015,Chandigarh,2015-03-05,Mumbai Indians,Punjab Kings,Mumbai Indians,bat,normal,0,Mumbai Indians,23,0,LMP Simmons,"Punjab Cricket Association Stadium, Mohali",RK Illingworth,VA Kulkarni,,2015,3,normal,1,Mumbai Indians,1
553,IPL-2015,Mumbai,2015-03-05,Rajasthan Royals,Delhi Capitals,Delhi Capitals,field,normal,0,Rajasthan Royals,14,0,AM Rahane,Brabourne Stadium,HDPK Dharmasena,CB Gaffaney,,2015,3,normal,0,Rajasthan Royals,1
554,IPL-2015,Chennai,2015-04-05,Chennai Super Kings,Royal Challengers Bangalore,Chennai Super Kings,bat,normal,0,Chennai Super Kings,24,0,SK Raina,"MA Chidambaram Stadium, Chepauk",C Shamshuddin,K Srinath,,2015,4,normal,1,Chennai Super Kings,1
555,IPL-2015,Kolkata,2015-04-05,Kolkata Knight Riders,Sunrisers Hyderabad,Sunrisers Hyderabad,field,normal,0,Kolkata Knight Riders,35,0,UT Yadav,Eden Gardens,AK Chaudhary,M Erasmus,,2015,4,normal,0,Kolkata Knight Riders,1
556,IPL-2015,Mumbai,2015-05-05,Delhi Capitals,Mumbai Indians,Delhi Capitals,bat,normal,0,Mumbai Indians,0,5,Harbhajan Singh,Wankhede Stadium,HDPK Dharmasena,CB Gaffaney,,2015,5,normal,0,Delhi Capitals,0
557,IPL-2015,Bangalore,2015-06-05,Royal Challengers Bangalore,Punjab Kings,Punjab Kings,field,normal,0,Royal Challengers Bangalore,138,0,CH Gayle,M Chinnaswamy Stadium,RK Illingworth,VA Kulkarni,,2015,6,normal,0,Royal Challengers Bangalore,1
558,IPL-2015,Mumbai,2015-07-05,Sunrisers Hyderabad,Rajasthan Royals,Rajasthan Royals,field,normal,0,Sunrisers Hyderabad,7,0,EJG Morgan,Brabourne Stadium,JD Cloete,C Shamshuddin,,2015,7,normal,0,Sunrisers Hyderabad,1
559,IPL-2015,Chennai,2015-08-05,Chennai Super Kings,Mumbai Indians,Chennai Super Kings,bat,normal,0,Mumbai Indians,0,6,HH Pandya,"MA Chidambaram Stadium, Chepauk",CB Gaffaney,CK Nandan,,2015,8,normal,0,Chennai Super Kings,0
560,IPL-2015,Kolkata,2015-09-05,Punjab Kings,Kolkata Knight Riders,Punjab Kings,bat,normal,0,Kolkata Knight Riders,0,1,AD Russell,Eden Gardens,AK Chaudhary,HDPK Dharmasena,,2015,9,normal,0,Punjab Kings,0
561,IPL-2015,Raipur,2015-09-05,Sunrisers Hyderabad,Delhi Capitals,Sunrisers Hyderabad,bat,normal,0,Sunrisers Hyderabad,6,0,MC Henriques,Shaheed Veer Narayan Singh International Stadium,VA Kulkarni,S Ravi,,2015,9,normal,1,Sunrisers Hyderabad,1
562,IPL-2015,Mumbai,2015-10-05,Royal Challengers Bangalore,Mumbai Indians,Royal Challengers Bangalore,bat,normal,0,Royal Challengers Bangalore,39,0,AB de Villiers,Wankhede Stadium,JD Cloete,C Shamshuddin,,2015,10,normal,1,Royal Challengers Bangalore,1
563,IPL-2015,Chennai,2015-10-05,Chennai Super Kings,Rajasthan Royals,Chennai Super Kings,bat,normal,0,Chennai Super Kings,12,0,RA Jadeja,"MA Chidambaram Stadium, Chepauk",M Erasmus,CK Nandan,,2015,10,normal,1,Chennai Super Kings,1
564,IPL-2015,Hyderabad,2015-11-05,Sunrisers Hyderabad,Punjab Kings,Sunrisers Hyderabad,bat,normal,0,Sunrisers Hyderabad,5,0,DA Warner,"Rajiv Gandhi International Stadium, Uppal",AK Chaudhary,HDPK Dharmasena,,2015,11,normal,1,Sunrisers Hyderabad,1
565,IPL-2015,Raipur,2015-12-05,Chennai Super Kings,Delhi Capitals,Chennai Super Kings,bat,normal,0,Delhi Capitals,0,6,Z Khan,Shaheed Veer Narayan Singh International Stadium,RK Illingworth,VA Kulkarni,,2015,12,normal,0,Chennai Super Kings,0
566,IPL-2015,Chandigarh,2015-05-13,Punjab Kings,Royal Challengers Bangalore,Royal Challengers Bangalore,field,normal,0,Punjab Kings,22,0,AR Patel,"Punjab Cricket Association Stadium, Mohali",JD Cloete,C Shamshuddin,,2015,5,normal,0,Punjab Kings,1
567,IPL-2015,Mumbai,2015-05-14,Mumbai Indians,Kolkata Knight Riders,Kolkata Knight Riders,field,normal,0,Mumbai Indians,5,0,HH Pandya,Wankhede Stadium,RK Illingworth,VA Kulkarni,,2015,5,normal,0,Mumbai Indians,1
568,IPL-2015,Hyderabad,2015-05-15,Sunrisers Hyderabad,Royal Challengers Bangalore,Sunrisers Hyderabad,bat,normal,1,Royal Challengers Bangalore,0,6,V Kohli,"Rajiv Gandhi International Stadium, Uppal",AK Chaudhary,HDPK Dharmasena,,2015,5,normal,0,Sunrisers Hyderabad,0
569,IPL-2015,Chandigarh,2015-05-16,Punjab Kings,Chennai Super Kings,Punjab Kings,bat,normal,0,Chennai Super Kings,0,7,P Negi,"Punjab Cricket Association Stadium, Mohali",CK Nandan,C Shamshuddin,,2015,5,normal,0,Punjab Kings,0
570,IPL-2015,Mumbai,2015-05-16,Rajasthan Royals,Kolkata Knight Riders,Rajasthan Royals,bat,normal,0,Rajasthan Royals,9,0,SR Watson,Brabourne Stadium,RM Deshpande,RK Illingworth,,2015,5,normal,1,Rajasthan Royals,1
572,IPL-2015,Hyderabad,2015-05-17,Sunrisers Hyderabad,Mumbai Indians,Sunrisers Hyderabad,bat,normal,0,Mumbai Indians,0,9,MJ McClenaghan,"Rajiv Gandhi International Stadium, Uppal",CB Gaffaney,K Srinath,,2015,5,normal,0,Sunrisers Hyderabad,0
573,IPL-2015,Mumbai,2015-05-19,Mumbai Indians,Chennai Super Kings,Mumbai Indians,bat,normal,0,Mumbai Indians,25,0,KA Pollard,Wankhede Stadium,HDPK Dharmasena,RK Illingworth,,2015,5,normal,1,Mumbai Indians,1
574,IPL-2015,Pune,2015-05-20,Royal Challengers Bangalore,Rajasthan Royals,Royal Challengers Bangalore,bat,normal,0,Royal Challengers Bangalore,71,0,AB de Villiers,Maharashtra Cricket Association Stadium,AK Chaudhary,C Shamshuddin,,2015,5,normal,1,Royal Challengers Bangalore,1
575,IPL-2015,Ranchi,2015-05-22,Royal Challengers Bangalore,Chennai Super Kings,Chennai Super Kings,field,normal,0,Chennai Super Kings,0,3,A Nehra,JSCA International Stadium Complex,AK Chaudhary,CB Gaffaney,,2015,5,normal,1,Royal Challengers Bangalore,0
576,IPL-2015,Kolkata,2015-05-24,Mumbai Indians,Chennai Super Kings,Chennai Super Kings,field,normal,0,Mumbai Indians,41,0,RG Sharma,Eden Gardens,HDPK Dharmasena,RK Illingworth,,2015,5,normal,0,Mumbai Indians,1
577,IPL-2016,Mumbai,2016-09-04,Mumbai Indians,Rising Pune Supergiant,Mumbai Indians,bat,normal,0,Rising Pune Supergiant,0,9,AM Rahane,Wankhede Stadium,HDPK Dharmasena,CK Nandan,,2016,9,normal,0,Mumbai Indians,0
578,IPL-2016,Kolkata,2016-10-04,Delhi Capitals,Kolkata Knight Riders,Kolkata Knight Riders,field,normal,0,Kolkata Knight Riders,0,9,AD Russell,Eden Gardens,S Ravi,C Shamshuddin,,2016,10,normal,1,Delhi Capitals,0
579,IPL-2016,Chandigarh,2016-11-04,Punjab Kings,Gujarat Lions,Gujarat Lions,field,normal,0,Gujarat Lions,0,5,AJ Finch,"Punjab Cricket Association IS Bindra Stadium, Mohali",AK Chaudhary,VA Kulkarni,,2016,11,normal,1,Punjab Kings,0
580,IPL-2016,Bangalore,2016-12-04,Royal Challengers Bangalore,Sunrisers Hyderabad,Sunrisers Hyderabad,field,normal,0,Royal Challengers Bangalore,45,0,AB de Villiers,M Chinnaswamy Stadium,HDPK Dharmasena,VK Sharma,,2016,12,normal,0,Royal Challengers Bangalore,1
581,IPL-2016,Kolkata,2016-04-13,Kolkata Knight Riders,Mumbai Indians,Mumbai Indians,field,normal,0,Mumbai Indians,0,6,RG Sharma,Eden Gardens,Nitin Menon,S Ravi,,2016,4,normal,1,Kolkata Knight Riders,0
582,IPL-2016,Rajkot,2016-04-14,Rising Pune Supergiant,Gujarat Lions,Rising Pune Supergiant,bat,normal,0,Gujarat Lions,0,7,AJ Finch,Saurashtra Cricket Association Stadium,VA Kulkarni,CK Nandan,,2016,4,normal,0,Rising Pune Supergiant,0
583,IPL-2016,Delhi,2016-04-15,Punjab Kings,Delhi Capitals,Delhi Capitals,field,normal,0,Delhi Capitals,0,8,A Mishra,Feroz Shah Kotla,S Ravi,C Shamshuddin,,2016,4,normal,1,Punjab Kings,0
584,IPL-2016,Hyderabad,2016-04-16,Sunrisers Hyderabad,Kolkata Knight Riders,Sunrisers Hyderabad,bat,normal,0,Kolkata Knight Riders,0,8,G Gambhir,"Rajiv Gandhi International Stadium, Uppal",AK Chaudhary,CK Nandan,,2016,4,normal,0,Sunrisers Hyderabad,0
585,IPL-2016,Mumbai,2016-04-16,Mumbai Indians,Gujarat Lions,Gujarat Lions,field,normal,0,Gujarat Lions,0,3,AJ Finch,Wankhede Stadium,HDPK Dharmasena,VK Sharma,,2016,4,normal,1,Mumbai Indians,0
586,IPL-2016,Chandigarh,2016-04-17,Rising Pune Supergiant,Punjab Kings,Rising Pune Supergiant,bat,normal,0,Punjab Kings,0,6,M Vohra,"Punjab Cricket Association IS Bindra Stadium, Mohali",S Ravi,C Shamshuddin,,2016,4,normal,0,Rising Pune Supergiant,0
587,IPL-2016,Bangalore,2016-04-17,Royal Challengers Bangalore,Delhi Capitals,Delhi Capitals,field,normal,0,Delhi Capitals,0,7,Q de Kock,M Chinnaswamy Stadium,VA Kulkarni,A Nand Kishore,,2016,4,normal,1,Royal Challengers Bangalore,0
588,IPL-2016,Hyderabad,2016-04-18,Mumbai Indians,Sunrisers Hyderabad,Sunrisers Hyderabad,field,normal,0,Sunrisers Hyderabad,0,7,DA Warner,"Rajiv Gandhi International Stadium, Uppal",HDPK Dharmasena,VK Sharma,,2016,4,normal,1,Mumbai Indians,0
589,IPL-2016,Chandigarh,2016-04-19,Punjab Kings,Kolkata Knight Riders,Kolkata Knight Riders,field,normal,0,Kolkata Knight Riders,0,6,RV Uthappa,"Punjab Cricket Association IS Bindra Stadium, Mohali",S Ravi,C Shamshuddin,,2016,4,normal,1,Punjab Kings,0
590,IPL-2016,Mumbai,2016-04-20,Royal Challengers Bangalore,Mumbai Indians,Mumbai Indians,field,normal,0,Mumbai Indians,0,6,RG Sharma,Wankhede Stadium,AK Chaudhary,CK Nandan,,2016,4,normal,1,Royal Challengers Bangalore,0
591,IPL-2016,Rajkot,2016-04-21,Gujarat Lions,Sunrisers Hyderabad,Sunrisers Hyderabad,field,normal,0,Sunrisers Hyderabad,0,10,B Kumar,Saurashtra Cricket Association Stadium,K Bharatan,HDPK Dharmasena,,2016,4,normal,1,Gujarat Lions,0
592,IPL-2016,Pune,2016-04-22,Royal Challengers Bangalore,Rising Pune Supergiant,Rising Pune Supergiant,field,normal,0,Royal Challengers Bangalore,13,0,AB de Villiers,Maharashtra Cricket Association Stadium,CB Gaffaney,VK Sharma,,2016,4,normal,0,Royal Challengers Bangalore,1
593,IPL-2016,Delhi,2016-04-23,Delhi Capitals,Mumbai Indians,Mumbai Indians,field,normal,0,Delhi Capitals,10,0,SV Samson,Feroz Shah Kotla,S Ravi,C Shamshuddin,,2016,4,normal,0,Delhi Capitals,1
594,IPL-2016,Hyderabad,2016-04-23,Punjab Kings,Sunrisers Hyderabad,Sunrisers Hyderabad,field,normal,0,Sunrisers Hyderabad,0,5,Mustafizur Rahman,"Rajiv Gandhi International Stadium, Uppal",AK Chaudhary,CK Nandan,,2016,4,normal,1,Punjab Kings,0
595,IPL-2016,Rajkot,2016-04-24,Royal Challengers Bangalore,Gujarat Lions,Royal Challengers Bangalore,bat,normal,0,Gujarat Lions,0,6,V Kohli,Saurashtra Cricket Association Stadium,K Bharatan,BNJ Oxenford,,2016,4,normal,0,Royal Challengers Bangalore,0
596,IPL-2016,Pune,2016-04-24,Rising Pune Supergiant,Kolkata Knight Riders,Kolkata Knight Riders,field,normal,0,Kolkata Knight Riders,0,2,SA Yadav,Maharashtra Cricket Association Stadium,CB Gaffaney,A Nand Kishore,,2016,4,normal,1,Rising Pune Supergiant,0
597,IPL-2016,Chandigarh,2016-04-25,Mumbai Indians,Punjab Kings,Punjab Kings,field,normal,0,Mumbai Indians,25,0,PA Patel,"Punjab Cricket Association IS Bindra Stadium, Mohali",Nitin Menon,RJ Tucker,,2016,4,normal,0,Mumbai Indians,1
598,IPL-2016,Hyderabad,2016-04-26,Sunrisers Hyderabad,Rising Pune Supergiant,Rising Pune Supergiant,field,normal,1,Rising Pune Supergiant,34,0,AB Dinda,"Rajiv Gandhi International Stadium, Uppal",AY Dandekar,CK Nandan,,2016,4,normal,1,Sunrisers Hyderabad,0
599,IPL-2016,Delhi,2016-04-27,Gujarat Lions,Delhi Capitals,Delhi Capitals,field,normal,0,Gujarat Lions,1,0,CH Morris,Feroz Shah Kotla,M Erasmus,S Ravi,,2016,4,normal,0,Gujarat Lions,1
600,IPL-2016,Mumbai,2016-04-28,Kolkata Knight Riders,Mumbai Indians,Mumbai Indians,field,normal,0,Mumbai Indians,0,6,RG Sharma,Wankhede Stadium,Nitin Menon,RJ Tucker,,2016,4,normal,1,Kolkata Knight Riders,0
601,IPL-2016,Pune,2016-04-29,Rising Pune Supergiant,Gujarat Lions,Gujarat Lions,field,normal,0,Gujarat Lions,0,3,DR Smith,Maharashtra Cricket Association Stadium,CB Gaffaney,BNJ Oxenford,,2016,4,normal,1,Rising Pune Supergiant,0
602,IPL-2016,Delhi,2016-04-30,Delhi Capitals,Kolkata Knight Riders,Kolkata Knight Riders,field,normal,0,Delhi Capitals,27,0,CR Brathwaite,Feroz Shah Kotla,KN Ananthapadmanabhan,M Erasmus,,2016,4,normal,0,Delhi Capitals,1
603,IPL-2016,Hyderabad,2016-04-30,Sunrisers Hyderabad,Royal Challengers Bangalore,Royal Challengers Bangalore,field,normal,0,Sunrisers Hyderabad,15,0,DA Warner,"Rajiv Gandhi International Stadium, Uppal",AK Chaudhary,HDPK Dharmasena,,2016,4,normal,0,Sunrisers Hyderabad,1
604,IPL-2016,Rajkot,2016-01-05,Punjab Kings,Gujarat Lions,Gujarat Lions,field,normal,0,Punjab Kings,23,0,AR Patel,Saurashtra Cricket Association Stadium,BNJ Oxenford,VK Sharma,,2016,1,normal,0,Punjab Kings,1
605,IPL-2016,Pune,2016-01-05,Rising Pune Supergiant,Mumbai Indians,Mumbai Indians,field,normal,0,Mumbai Indians,0,8,RG Sharma,Maharashtra Cricket Association Stadium,AY Dandekar,RJ Tucker,,2016,1,normal,1,Rising Pune Supergiant,0
606,IPL-2016,Bangalore,2016-02-05,Royal Challengers Bangalore,Kolkata Knight Riders,Kolkata Knight Riders,field,normal,0,Kolkata Knight Riders,0,5,AD Russell,M Chinnaswamy Stadium,M Erasmus,S Ravi,,2016,2,normal,1,Royal Challengers Bangalore,0
607,IPL-2016,Rajkot,2016-03-05,Gujarat Lions,Delhi Capitals,Delhi Capitals,field,normal,0,Delhi Capitals,0,8,RR Pant,Saurashtra Cricket Association Stadium,CB Gaffaney,BNJ Oxenford,,2016,3,normal,1,Gujarat Lions,0
608,IPL-2016,Kolkata,2016-04-05,Kolkata Knight Riders,Punjab Kings,Punjab Kings,field,normal,0,Kolkata Knight Riders,7,0,AD Russell,Eden Gardens,AK Chaudhary,HDPK Dharmasena,,2016,4,normal,0,Kolkata Knight Riders,1
609,IPL-2016,Delhi,2016-05-05,Delhi Capitals,Rising Pune Supergiant,Rising Pune Supergiant,field,normal,0,Rising Pune Supergiant,0,7,AM Rahane,Feroz Shah Kotla,C Shamshuddin,RJ Tucker,,2016,5,normal,1,Delhi Capitals,0
610,IPL-2016,Hyderabad,2016-06-05,Gujarat Lions,Sunrisers Hyderabad,Sunrisers Hyderabad,field,normal,0,Sunrisers Hyderabad,0,5,B Kumar,"Rajiv Gandhi International Stadium, Uppal",M Erasmus,S Ravi,,2016,6,normal,1,Gujarat Lions,0
611,IPL-2016,Bangalore,2016-07-05,Rising Pune Supergiant,Royal Challengers Bangalore,Royal Challengers Bangalore,field,normal,0,Royal Challengers Bangalore,0,7,V Kohli,M Chinnaswamy Stadium,CB Gaffaney,BNJ Oxenford,,2016,7,normal,1,Rising Pune Supergiant,0
612,IPL-2016,Chandigarh,2016-07-05,Punjab Kings,Delhi Capitals,Delhi Capitals,field,normal,0,Punjab Kings,9,0,MP Stoinis,"Punjab Cricket Association IS Bindra Stadium, Mohali",HDPK Dharmasena,CK Nandan,,2016,7,normal,0,Punjab Kings,1
613,IPL-2016,Visakhapatnam,2016-08-05,Sunrisers Hyderabad,Mumbai Indians,Mumbai Indians,field,normal,0,Sunrisers Hyderabad,85,0,A Nehra,Dr. Y.S. Rajasekhara Reddy ACA-VDCA Cricket Stadium,S Ravi,C Shamshuddin,,2016,8,normal,0,Sunrisers Hyderabad,1
614,IPL-2016,Kolkata,2016-08-05,Kolkata Knight Riders,Gujarat Lions,Gujarat Lions,field,normal,0,Gujarat Lions,0,5,P Kumar,Eden Gardens,M Erasmus,RJ Tucker,,2016,8,normal,1,Kolkata Knight Riders,0
615,IPL-2016,Chandigarh,2016-09-05,Royal Challengers Bangalore,Punjab Kings,Punjab Kings,field,normal,0,Royal Challengers Bangalore,1,0,SR Watson,"Punjab Cricket Association IS Bindra Stadium, Mohali",AK Chaudhary,HDPK Dharmasena,,2016,9,normal,0,Royal Challengers Bangalore,1
616,IPL-2016,Visakhapatnam,2016-10-05,Sunrisers Hyderabad,Rising Pune Supergiant,Sunrisers Hyderabad,bat,normal,0,Sunrisers Hyderabad,4,0,A Zampa,Dr. Y.S. Rajasekhara Reddy ACA-VDCA Cricket Stadium,CB Gaffaney,VK Sharma,,2016,10,normal,1,Sunrisers Hyderabad,1
617,IPL-2016,Bangalore,2016-11-05,Royal Challengers Bangalore,Mumbai Indians,Mumbai Indians,field,normal,0,Mumbai Indians,0,6,KH Pandya,M Chinnaswamy Stadium,AY Dandekar,C Shamshuddin,,2016,11,normal,1,Royal Challengers Bangalore,0
618,IPL-2016,Hyderabad,2016-12-05,Sunrisers Hyderabad,Delhi Capitals,Delhi Capitals,field,normal,0,Delhi Capitals,0,7,CH Morris,"Rajiv Gandhi International Stadium, Uppal",K Bharatan,M Erasmus,,2016,12,normal,1,Sunrisers Hyderabad,0
619,IPL-2016,Visakhapatnam,2016-05-13,Mumbai Indians,Punjab Kings,Mumbai Indians,bat,normal,0,Punjab Kings,0,7,MP Stoinis,Dr. Y.S. Rajasekhara Reddy ACA-VDCA Cricket Stadium,HDPK Dharmasena,CK Nandan,,2016,5,normal,0,Mumbai Indians,0
620,IPL-2016,Bangalore,2016-05-14,Royal Challengers Bangalore,Gujarat Lions,Gujarat Lions,field,normal,0,Royal Challengers Bangalore,144,0,AB de Villiers,M Chinnaswamy Stadium,AY Dandekar,VK Sharma,,2016,5,normal,0,Royal Challengers Bangalore,1
621,IPL-2016,Kolkata,2016-05-14,Rising Pune Supergiant,Kolkata Knight Riders,Rising Pune Supergiant,bat,normal,1,Kolkata Knight Riders,0,8,YK Pathan,Eden Gardens,A Nand Kishore,BNJ Oxenford,,2016,5,normal,0,Rising Pune Supergiant,0
622,IPL-2016,Chandigarh,2016-05-15,Punjab Kings,Sunrisers Hyderabad,Punjab Kings,bat,normal,0,Sunrisers Hyderabad,0,7,HM Amla,"Punjab Cricket Association IS Bindra Stadium, Mohali",KN Ananthapadmanabhan,M Erasmus,,2016,5,normal,0,Punjab Kings,0
623,IPL-2016,Visakhapatnam,2016-05-15,Mumbai Indians,Delhi Capitals,Delhi Capitals,field,normal,0,Mumbai Indians,80,0,KH Pandya,Dr. Y.S. Rajasekhara Reddy ACA-VDCA Cricket Stadium,Nitin Menon,CK Nandan,,2016,5,normal,0,Mumbai Indians,1
624,IPL-2016,Kolkata,2016-05-16,Kolkata Knight Riders,Royal Challengers Bangalore,Royal Challengers Bangalore,field,normal,0,Royal Challengers Bangalore,0,9,V Kohli,Eden Gardens,CB Gaffaney,A Nand Kishore,,2016,5,normal,1,Kolkata Knight Riders,0
625,IPL-2016,Visakhapatnam,2016-05-17,Delhi Capitals,Rising Pune Supergiant,Rising Pune Supergiant,field,normal,1,Rising Pune Supergiant,19,0,AB Dinda,Dr. Y.S. Rajasekhara Reddy ACA-VDCA Cricket Stadium,Nitin Menon,C Shamshuddin,,2016,5,normal,1,Delhi Capitals,0
626,IPL-2016,Bangalore,2016-05-18,Royal Challengers Bangalore,Punjab Kings,Punjab Kings,field,normal,1,Royal Challengers Bangalore,82,0,V Kohli,M Chinnaswamy Stadium,KN Ananthapadmanabhan,M Erasmus,,2016,5,normal,0,Royal Challengers Bangalore,1
627,IPL-2016,Kanpur,2016-05-19,Kolkata Knight Riders,Gujarat Lions,Gujarat Lions,field,normal,0,Gujarat Lions,0,6,DR Smith,Green Park,AK Chaudhary,CK Nandan,,2016,5,normal,1,Kolkata Knight Riders,0
628,IPL-2016,Raipur,2016-05-20,Sunrisers Hyderabad,Delhi Capitals,Delhi Capitals,field,normal,0,Delhi Capitals,0,6,KK Nair,Shaheed Veer Narayan Singh International Stadium,A Nand Kishore,BNJ Oxenford,,2016,5,normal,1,Sunrisers Hyderabad,0
629,IPL-2016,Visakhapatnam,2016-05-21,Punjab Kings,Rising Pune Supergiant,Punjab Kings,bat,normal,0,Rising Pune Supergiant,0,4,MS Dhoni,Dr. Y.S. Rajasekhara Reddy ACA-VDCA Cricket Stadium,HDPK Dharmasena,Nitin Menon,,2016,5,normal,0,Punjab Kings,0
630,IPL-2016,Kanpur,2016-05-21,Mumbai Indians,Gujarat Lions,Gujarat Lions,field,normal,0,Gujarat Lions,0,6,SK Raina,Green Park,AK Chaudhary,CK Nandan,,2016,5,normal,1,Mumbai Indians,0
631,IPL-2016,Kolkata,2016-05-22,Kolkata Knight Riders,Sunrisers Hyderabad,Sunrisers Hyderabad,field,normal,0,Kolkata Knight Riders,22,0,YK Pathan,Eden Gardens,KN Ananthapadmanabhan,M Erasmus,,2016,5,normal,0,Kolkata Knight Riders,1
632,IPL-2016,Raipur,2016-05-22,Delhi Capitals,Royal Challengers Bangalore,Royal Challengers Bangalore,field,normal,0,Royal Challengers Bangalore,0,6,V Kohli,Shaheed Veer Narayan Singh International Stadium,A Nand Kishore,BNJ Oxenford,,2016,5,normal,1,Delhi Capitals,0
633,IPL-2016,Bangalore,2016-05-24,Gujarat Lions,Royal Challengers Bangalore,Royal Challengers Bangalore,field,normal,0,Royal Challengers Bangalore,0,4,AB de Villiers,M Chinnaswamy Stadium,AK Chaudhary,HDPK Dharmasena,,2016,5,normal,1,Gujarat Lions,0
634,IPL-2016,Delhi,2016-05-25,Sunrisers Hyderabad,Kolkata Knight Riders,Kolkata Knight Riders,field,normal,0,Sunrisers Hyderabad,22,0,MC Henriques,Feroz Shah Kotla,M Erasmus,C Shamshuddin,,2016,5,normal,0,Sunrisers Hyderabad,1
635,IPL-2016,Delhi,2016-05-27,Gujarat Lions,Sunrisers Hyderabad,Sunrisers Hyderabad,field,normal,0,Sunrisers Hyderabad,0,4,DA Warner,Feroz Shah Kotla,M Erasmus,CK Nandan,,2016,5,normal,1,Gujarat Lions,0
636,IPL-2016,Bangalore,2016-05-29,Sunrisers Hyderabad,Royal Challengers Bangalore,Sunrisers Hyderabad,bat,normal,0,Sunrisers Hyderabad,8,0,BCJ Cutting,M Chinnaswamy Stadium,HDPK Dharmasena,BNJ Oxenford,,2016,5,normal,1,Sunrisers Hyderabad,1
7894,IPL-2018,Mumbai,2018-07-04,Mumbai Indians,Chennai Super Kings,Chennai Super Kings,field,normal,0,Chennai Super Kings,0,1,DJ Bravo,Wankhede Stadium,Chris Gaffaney,A Nanda Kishore,Anil Chaudhary,2018,7,normal,1,Mumbai Indians,0
7895,IPL-2018,Mohali,2018-08-04,Delhi Capitals,Punjab Kings,Punjab Kings,field,normal,0,Punjab Kings,0,6,KL Rahul,"Punjab Cricket Association IS Bindra Stadium, Mohali",Rod Tucker,K Ananthapadmanabhan,Nitin Menon,2018,8,normal,1,Delhi Capitals,0
7896,IPL-2018,Kolkata,2018-08-04,Royal Challengers Bangalore,Kolkata Knight Riders,Kolkata Knight Riders,field,normal,0,Kolkata Knight Riders,0,4,SP Narine,Eden Gardens,C Shamshuddin,A.D Deshmukh,S Ravi,2018,8,normal,1,Royal Challengers Bangalore,0
7897,IPL-2018,Hyderabad,2018-09-04,Rajasthan Royals,Sunrisers Hyderabad,Sunrisers Hyderabad,field,normal,0,Sunrisers Hyderabad,0,9,S Dhawan,"Rajiv Gandhi International Stadium, Uppal",Nigel Llong,Vineet Kulkarni,O Nandan,2018,9,normal,1,Rajasthan Royals,0
7898,IPL-2018,Chennai,2018-10-04,Kolkata Knight Riders,Chennai Super Kings,Chennai Super Kings,field,normal,0,Chennai Super Kings,0,5,SW Billings,"MA Chidambaram Stadium, Chepauk",Anil Chaudhary,Chris Gaffaney,A Nanda Kishore,2018,10,normal,1,Kolkata Knight Riders,0
7899,IPL-2018,Jaipur,2018-11-04,Rajasthan Royals,Delhi Capitals,Delhi Capitals,field,normal,1,Rajasthan Royals,10,0,SV Samson,Sawai Mansingh Stadium,K Ananthapadmanabhan,Rod Tucker,Nitin Menon,2018,11,normal,0,Rajasthan Royals,1
7900,IPL-2018,Hyderabad,2018-12-04,Mumbai Indians,Sunrisers Hyderabad,Sunrisers Hyderabad,field,normal,0,Sunrisers Hyderabad,0,1,Rashid Khan,"Rajiv Gandhi International Stadium, Uppal",O Nandan,Nigel Llong,Vineet Kulkarni,2018,12,normal,1,Mumbai Indians,0
7901,IPL-2018,Bengaluru,2018-04-13,Punjab Kings,Royal Challengers Bangalore,Royal Challengers Bangalore,field,normal,0,Royal Challengers Bangalore,0,4,UT Yadav,M Chinnaswamy Stadium,S Ravi,A.D Deshmukh,C Shamshuddin,2018,4,normal,1,Punjab Kings,0
7902,IPL-2018,Mumbai,2018-04-14,Mumbai Indians,Delhi Capitals,Delhi Capitals,field,normal,0,Delhi Capitals,0,7,JJ Roy,Wankhede Stadium,K Ananthapadmanabhan,Nitin Menon,Rod Tucker,2018,4,normal,1,Mumbai Indians,0
7903,IPL-2018,Kolkata,2018-04-14,Kolkata Knight Riders,Sunrisers Hyderabad,Sunrisers Hyderabad,field,normal,0,Sunrisers Hyderabad,0,5,B Stanlake,Eden Gardens,A Nanda Kishore,Anil Chaudhary,Chris Gaffaney,2018,4,normal,1,Kolkata Knight Riders,0
7904,IPL-2018,Bengaluru,2018-04-15,Rajasthan Royals,Royal Challengers Bangalore,Royal Challengers Bangalore,field,normal,0,Rajasthan Royals,19,0,SV Samson,M Chinnaswamy Stadium,C Shamshuddin,S Ravi,A.D Deshmukh,2018,4,normal,0,Rajasthan Royals,1
7905,IPL-2018,Mohali,2018-04-15,Punjab Kings,Chennai Super Kings,Chennai Super Kings,field,normal,0,Punjab Kings,4,0,CH Gayle,"Punjab Cricket Association IS Bindra Stadium, Mohali",Vineet Kulkarni,O Nandan,Nigel Llong,2018,4,normal,0,Punjab Kings,1
7906,IPL-2018,Kolkata,2018-04-16,Kolkata Knight Riders,Delhi Capitals,Delhi Capitals,field,normal,0,Kolkata Knight Riders,71,0,N Rana,Eden Gardens,Anil Chaudhary,A Nanda Kishore,Chris Gaffaney,2018,4,normal,0,Kolkata Knight Riders,1
7907,IPL-2018,Mumbai,2018-04-17,Mumbai Indians,Royal Challengers Bangalore,Royal Challengers Bangalore,field,normal,0,Mumbai Indians,46,0,RG Sharma,Wankhede Stadium,Rod Tucker,Nitin Menon,K Ananthapadmanabhan,2018,4,normal,0,Mumbai Indians,1
7908,IPL-2018,Jaipur,2018-04-18,Rajasthan Royals,Kolkata Knight Riders,Kolkata Knight Riders,field,normal,0,Kolkata Knight Riders,0,7,N Rana,Sawai Mansingh Stadium,S Ravi,A.D Deshmukh,C Shamshuddin,2018,4,normal,1,Rajasthan Royals,0
7909,IPL-2018,Mohali,2018-04-19,Punjab Kings,Sunrisers Hyderabad,Punjab Kings,bat,normal,0,Punjab Kings,15,0,CH Gayle,"Punjab Cricket Association IS Bindra Stadium, Mohali",Nigel Llong,Anil Chaudhary,Vineet Kulkarni,2018,4,normal,1,Punjab Kings,1
7910,IPL-2018,Pune,2018-04-20,Chennai Super Kings,Rajasthan Royals,Rajasthan Royals,field,normal,0,Chennai Super Kings,64,0,SR Watson,Maharashtra Cricket Association Stadium,Nitin Menon,K Ananthapadmanabhan,Rod Tucker,2018,4,normal,0,Chennai Super Kings,1
7911,IPL-2018,Kolkata,2018-04-21,Kolkata Knight Riders,Punjab Kings,Punjab Kings,field,normal,1,Punjab Kings,0,9,KL Rahul,Eden Gardens,C Shamshuddin,A.D Deshmukh,S Ravi,2018,4,normal,1,Kolkata Knight Riders,0
7912,IPL-2018,Bengaluru,2018-04-21,Delhi Capitals,Royal Challengers Bangalore,Royal Challengers Bangalore,field,normal,0,Royal Challengers Bangalore,0,6,AB de Villiers,M Chinnaswamy Stadium,Chris Gaffaney,O Nandan,A Nanda Kishore,2018,4,normal,1,Delhi Capitals,0
7913,IPL-2018,Hyderabad,2018-04-22,Chennai Super Kings,Sunrisers Hyderabad,Sunrisers Hyderabad,field,normal,0,Chennai Super Kings,4,0,AT Rayudu,"Rajiv Gandhi International Stadium, Uppal",Anil Chaudhary,Vineet Kulkarni,Nigel Llong,2018,4,normal,0,Chennai Super Kings,1
7914,IPL-2018,Jaipur,2018-04-22,Mumbai Indians,Rajasthan Royals,Mumbai Indians,bat,normal,0,Rajasthan Royals,0,3,J Archer,Sawai Mansingh Stadium,Rod Tucker,K Ananthapadmanabhan,Nitin Menon,2018,4,normal,0,Mumbai Indians,0
7915,IPL-2018,Delhi,2018-04-23,Punjab Kings,Delhi Capitals,Delhi Capitals,field,normal,0,Punjab Kings,4,0,AS Rajpoot,Feroz Shah Kotla,O Nandan,A Nanda Kishore,Chris Gaffaney,2018,4,normal,0,Punjab Kings,1
7916,IPL-2018,Mumbai,2018-04-24,Sunrisers Hyderabad,Mumbai Indians,Mumbai Indians,field,normal,0,Sunrisers Hyderabad,31,0,Rashid Khan,Wankhede Stadium,C Shamshuddin,S Ravi,A.D Deshmukh,2018,4,normal,0,Sunrisers Hyderabad,1
7917,IPL-2018,Bengaluru,2018-04-25,Royal Challengers Bangalore,Chennai Super Kings,Chennai Super Kings,field,normal,0,Chennai Super Kings,0,5,MS Dhoni,M Chinnaswamy Stadium,Nigel Llong,Virender Kumar Sharma,Anil Chaudhary,2018,4,normal,1,Royal Challengers Bangalore,0
7918,IPL-2018,Hyderabad,2018-04-26,Sunrisers Hyderabad,Punjab Kings,Punjab Kings,field,normal,0,Sunrisers Hyderabad,13,0,AS Rajpoot,"Rajiv Gandhi International Stadium, Uppal",O Nandan,Yeshwant Barde,Rod Tucker,2018,4,normal,0,Sunrisers Hyderabad,1
7919,IPL-2018,Delhi,2018-04-27,Delhi Capitals,Kolkata Knight Riders,Kolkata Knight Riders,field,normal,0,Delhi Capitals,55,0,SS Iyer,Feroz Shah Kotla,C Shamshuddin,S Ravi,A Nanda Kishore,2018,4,normal,0,Delhi Capitals,1
7920,IPL-2018,Pune,2018-04-28,Chennai Super Kings,Mumbai Indians,Mumbai Indians,field,normal,0,Mumbai Indians,0,8,RG Sharma,Maharashtra Cricket Association Stadium,Chris Gaffaney,Nitin Menon,Anil Dandekar,2018,4,normal,1,Chennai Super Kings,0
7921,IPL-2018,Jaipur,2018-04-29,Sunrisers Hyderabad,Rajasthan Royals,Sunrisers Hyderabad,bat,normal,0,Sunrisers Hyderabad,11,0,KS Williamson,Sawai Mansingh Stadium,Bruce Oxenford,A Nanda Kishore,S Ravi,2018,4,normal,1,Sunrisers Hyderabad,1
7922,IPL-2018,Bengaluru,2018-04-29,Royal Challengers Bangalore,Kolkata Knight Riders,Kolkata Knight Riders,field,normal,0,Kolkata Knight Riders,0,6,CA Lynn,M Chinnaswamy Stadium,Nigel Llong,Anil Chaudhary,Virender Kumar Sharma,2018,4,normal,1,Royal Challengers Bangalore,0
7923,IPL-2018,Pune,2018-04-30,Chennai Super Kings,Delhi Capitals,Delhi Capitals,field,normal,0,Chennai Super Kings,13,0,SR Watson,Maharashtra Cricket Association Stadium,C Shamshuddin,Anil Dandekar,O Nandan,2018,4,normal,0,Chennai Super Kings,1
7924,IPL-2018,Bengaluru,2018-01-05,Royal Challengers Bangalore,Mumbai Indians,Mumbai Indians,field,normal,0,Royal Challengers Bangalore,14,0,TG Southee,M Chinnaswamy Stadium,Marais Erasmus,Nitin Menon,Yeshwant Barde,2018,1,normal,0,Royal Challengers Bangalore,1
7925,IPL-2018,Delhi,2018-02-05,Delhi Capitals,Rajasthan Royals,Rajasthan Royals,field,normal,1,Delhi Capitals,4,0,RR Pant,Feroz Shah Kotla,O Nandan,Virender Kumar Sharma,Bruce Oxenford,2018,2,normal,0,Delhi Capitals,1
7926,IPL-2018,Kolkata,2018-03-05,Chennai Super Kings,Kolkata Knight Riders,Kolkata Knight Riders,field,normal,0,Kolkata Knight Riders,0,6,SP Narine,Eden Gardens,Kumar Dharmasena,A.D Deshmukh,Anil Chaudhary,2018,3,normal,1,Chennai Super Kings,0
7927,IPL-2018,Indore,2018-04-05,Punjab Kings,Mumbai Indians,Mumbai Indians,field,normal,0,Mumbai Indians,0,6,AS Yadav,Holkar Cricket Stadium,S Ravi,Anil Dandekar,C Shamshuddin,2018,4,normal,1,Punjab Kings,0
7928,IPL-2018,Pune,2018-05-05,Royal Challengers Bangalore,Chennai Super Kings,Chennai Super Kings,field,normal,0,Chennai Super Kings,0,6,RA Jadeja,Maharashtra Cricket Association Stadium,Nitin Menon,Yeshwant Barde,Marais Erasmus,2018,5,normal,1,Royal Challengers Bangalore,0
7929,IPL-2018,Hyderabad,2018-05-05,Delhi Capitals,Sunrisers Hyderabad,Delhi Capitals,bat,normal,0,Sunrisers Hyderabad,0,7,Rashid Khan,"Rajiv Gandhi International Stadium, Uppal",Bruce Oxenford,O Nandan,Virender Kumar Sharma,2018,5,normal,0,Delhi Capitals,0
7930,IPL-2018,Mumbai,2018-06-05,Mumbai Indians,Kolkata Knight Riders,Kolkata Knight Riders,field,normal,0,Mumbai Indians,13,0,HH Pandya,Wankhede Stadium,Kumar Dharmasena,A.D Deshmukh,Anil Chaudhary,2018,6,normal,0,Mumbai Indians,1
7931,IPL-2018,Indore,2018-06-05,Rajasthan Royals,Punjab Kings,Punjab Kings,field,normal,0,Punjab Kings,0,6,M Ur Rahman,Holkar Cricket Stadium,C Shamshuddin,S Ravi,Anil Dandekar,2018,6,normal,1,Rajasthan Royals,0
7932,IPL-2018,Hyderabad,2018-07-05,Sunrisers Hyderabad,Royal Challengers Bangalore,Royal Challengers Bangalore,field,normal,0,Sunrisers Hyderabad,5,0,KS Williamson,"Rajiv Gandhi International Stadium, Uppal",Bruce Oxenford,Virender Kumar Sharma,O Nandan,2018,7,normal,0,Sunrisers Hyderabad,1
7933,IPL-2018,Jaipur,2018-08-05,Rajasthan Royals,Punjab Kings,Rajasthan Royals,bat,normal,0,Rajasthan Royals,15,0,JC Buttler,Sawai Mansingh Stadium,Marais Erasmus,Nitin Menon,Yeshwant Barde,2018,8,normal,1,Rajasthan Royals,1
7934,IPL-2018,Kolkata,2018-09-05,Mumbai Indians,Kolkata Knight Riders,Kolkata Knight Riders,field,normal,0,Mumbai Indians,102,0,Ishan Kishan,Eden Gardens,Anil Chaudhary,K Ananthapadmanabhan,Kumar Dharmasena,2018,9,normal,0,Mumbai Indians,1
7935,IPL-2018,Delhi,2018-10-05,Delhi Capitals,Sunrisers Hyderabad,Delhi Capitals,bat,normal,0,Sunrisers Hyderabad,0,9,S Dhawan,Feroz Shah Kotla,C Shamshuddin,Anil Dandekar,S Ravi,2018,10,normal,0,Delhi Capitals,0
7936,IPL-2018,Jaipur,2018-11-05,Chennai Super Kings,Rajasthan Royals,Chennai Super Kings,bat,normal,0,Rajasthan Royals,0,4,JC Buttler,Sawai Mansingh Stadium,Marais Erasmus,Yeshwant Barde,Nitin Menon,2018,11,normal,0,Chennai Super Kings,0
7937,IPL-2018,Indore,2018-12-05,Kolkata Knight Riders,Punjab Kings,Punjab Kings,field,normal,0,Kolkata Knight Riders,31,0,SP Narine,Holkar Cricket Stadium,O Nandan,Virender Kumar Sharma,Bruce Oxenford,2018,12,normal,0,Kolkata Knight Riders,1
7938,IPL-2018,Delhi,2018-12-05,Delhi Capitals,Royal Challengers Bangalore,Royal Challengers Bangalore,field,normal,0,Royal Challengers Bangalore,0,5,AB de Villiers,Feroz Shah Kotla,Kumar Dharmasena,Anil Chaudhary,K Ananthapadmanabhan,2018,12,normal,1,Delhi Capitals,0
7939,IPL-2018,Pune,2018-05-13,Sunrisers Hyderabad,Chennai Super Kings,Chennai Super Kings,field,normal,0,Chennai Super Kings,0,8,AT Rayudu,Maharashtra Cricket Association Stadium,Marais Erasmus,Yeshwant Barde,Anil Dandekar,2018,5,normal,1,Sunrisers Hyderabad,0
7940,IPL-2018,Mumbai,2018-05-13,Mumbai Indians,Rajasthan Royals,Rajasthan Royals,field,normal,0,Rajasthan Royals,0,7,JC Buttler,Wankhede Stadium,Nitin Menon,S Ravi,C Shamshuddin,2018,5,normal,1,Mumbai Indians,0
7941,IPL-2018,Indore,2018-05-14,Punjab Kings,Royal Challengers Bangalore,Royal Challengers Bangalore,field,normal,0,Royal Challengers Bangalore,0,10,UT Yadav,Holkar Cricket Stadium,Bruce Oxenford,Virender Kumar Sharma,O Nandan,2018,5,normal,1,Punjab Kings,0
7942,IPL-2018,Kolkata,2018-05-15,Rajasthan Royals,Kolkata Knight Riders,Kolkata Knight Riders,field,normal,0,Kolkata Knight Riders,0,6,Kuldeep Yadav,Eden Gardens,Kumar Dharmasena,Anil Chaudhary,Vineet Kulkarni,2018,5,normal,1,Rajasthan Royals,0
7943,IPL-2018,Mumbai,2018-05-16,Mumbai Indians,Punjab Kings,Punjab Kings,field,normal,0,Mumbai Indians,3,0,JJ Bumrah,Wankhede Stadium,Marais Erasmus,Nitin Menon,Yeshwant Barde,2018,5,normal,0,Mumbai Indians,1
7944,IPL-2018,Bengaluru,2018-05-17,Royal Challengers Bangalore,Sunrisers Hyderabad,Sunrisers Hyderabad,field,normal,0,Royal Challengers Bangalore,14,0,AB de Villiers,M Chinnaswamy Stadium,S Ravi,Anil Dandekar,C Shamshuddin,2018,5,normal,0,Royal Challengers Bangalore,1
7945,IPL-2018,Delhi,2018-05-18,Delhi Capitals,Chennai Super Kings,Chennai Super Kings,field,normal,0,Delhi Capitals,34,0,HV Patel,Feroz Shah Kotla,Kumar Dharmasena,Vineet Kulkarni,O Nandan,2018,5,normal,0,Delhi Capitals,1
7946,IPL-2018,Jaipur,2018-05-19,Rajasthan Royals,Royal Challengers Bangalore,Rajasthan Royals,bat,normal,0,Rajasthan Royals,30,0,S Gopal,Sawai Mansingh Stadium,Bruce Oxenford,Virender Kumar Sharma,C Shamshuddin,2018,5,normal,1,Rajasthan Royals,1
7947,IPL-2018,Hyderabad,2018-05-19,Sunrisers Hyderabad,Kolkata Knight Riders,Sunrisers Hyderabad,bat,normal,0,Kolkata Knight Riders,0,5,CA Lynn,"Rajiv Gandhi International Stadium, Uppal",Anil Chaudhary,S Ravi,Anil Dandekar,2018,5,normal,0,Sunrisers Hyderabad,0
7948,IPL-2018,Delhi,2018-05-20,Delhi Capitals,Mumbai Indians,Delhi Capitals,bat,normal,0,Delhi Capitals,11,0,A Mishra,Feroz Shah Kotla,Kumar Dharmasena,O Nandan,Vineet Kulkarni,2018,5,normal,1,Delhi Capitals,1
7949,IPL-2018,Pune,2018-05-20,Punjab Kings,Chennai Super Kings,Chennai Super Kings,field,normal,0,Chennai Super Kings,0,5,L Ngidi,Maharashtra Cricket Association Stadium,Nitin Menon,Yeshwant Barde,Marais Erasmus,2018,5,normal,1,Punjab Kings,0
7950,IPL-2018,Mumbai,2018-05-22,Sunrisers Hyderabad,Chennai Super Kings,Chennai Super Kings,field,normal,0,Chennai Super Kings,0,2,F du Plessis,Wankhede Stadium,Marais Erasmus,C Shamshuddin,S Ravi,2018,5,normal,1,Sunrisers Hyderabad,0
7951,IPL-2018,Kolkata,2018-05-23,Kolkata Knight Riders,Rajasthan Royals,Rajasthan Royals,field,normal,0,Kolkata Knight Riders,25,0,AD Russell,Eden Gardens,Nitin Menon,Anil Chaudhary,Kumar Dharmasena,2018,5,normal,0,Kolkata Knight Riders,1
7952,IPL-2018,Kolkata,2018-05-25,Sunrisers Hyderabad,Kolkata Knight Riders,Kolkata Knight Riders,field,normal,0,Sunrisers Hyderabad,14,0,Rashid Khan,Eden Gardens,Nitin Menon,Kumar Dharmasena,Anil Chaudhary,2018,5,normal,0,Sunrisers Hyderabad,1
7953,IPL-2018,Mumbai,2018-05-27,Sunrisers Hyderabad,Chennai Super Kings,Chennai Super Kings,field,normal,0,Chennai Super Kings,0,8,SR Watson,Wankhede Stadium,Marais Erasmus,S Ravi,Nitin Menon,2018,5,normal,1,Sunrisers Hyderabad,0
11137,IPL-2019,Chennai,2019-03-23,Royal Challengers Bangalore,Chennai Super Kings,Chennai Super Kings,field,normal,0,Chennai Super Kings,0,7,Harbhajan Singh,M. A. Chidambaram Stadium,Bruce Oxenford,Anil Dandekar,Nitin Menon,2019,3,normal,1,Royal Challengers Bangalore,0
11138,IPL-2019,Kolkata,2019-03-24,Sunrisers Hyderabad,Kolkata Knight Riders,Kolkata Knight Riders,field,normal,0,Kolkata Knight Riders,0,6,AD Russell,Eden Gardens,Chris Gaffaney,Anil Chaudhary,Vineet Kulkarni,2019,3,normal,1,Sunrisers Hyderabad,0
11139,IPL-2019,Mumbai,2019-03-24,Delhi Capitals,Mumbai Indians,Mumbai Indians,field,normal,0,Delhi Capitals,37,0,RR Pant,Wankhede Stadium,S Ravi,Yeshwant Barde,O Nandan,2019,3,normal,0,Delhi Capitals,1
11140,IPL-2019,Jaipur,2019-03-25,Punjab Kings,Rajasthan Royals,Rajasthan Royals,field,normal,0,Punjab Kings,14,0,CH Gayle,Sawai Mansingh Stadium,C Shamshuddin,KN Anantapadmanabhan,Bruce Oxenford,2019,3,normal,0,Punjab Kings,1
11141,IPL-2019,Delhi,2019-03-26,Delhi Capitals,Chennai Super Kings,Delhi Capitals,bat,normal,0,Chennai Super Kings,0,6,SR Watson,Feroz Shah Kotla Ground,Marais Erasmus,Nitin Menon,Anil Dandekar,2019,3,normal,0,Delhi Capitals,0
11142,IPL-2019,Kolkata,2019-03-27,Kolkata Knight Riders,Punjab Kings,Punjab Kings,field,normal,0,Kolkata Knight Riders,28,0,AD Russell,Eden Gardens,Anil Chaudhary,Vineet Kulkarni,Chris Gaffaney,2019,3,normal,0,Kolkata Knight Riders,1
11143,IPL-2019,Bengaluru,2019-03-28,Mumbai Indians,Royal Challengers Bangalore,Royal Challengers Bangalore,field,normal,0,Mumbai Indians,6,0,JJ Bumrah,M. Chinnaswamy Stadium,S Ravi,O Nandan,Yeshwant Barde,2019,3,normal,0,Mumbai Indians,1
11144,IPL-2019,Hyderabad,2019-03-29,Rajasthan Royals,Sunrisers Hyderabad,Rajasthan Royals,bat,normal,0,Sunrisers Hyderabad,0,5,Rashid Khan,Rajiv Gandhi Intl. Cricket Stadium,Bruce Oxenford,C Shamshuddin,KN Anantapadmanabhan,2019,3,normal,0,Rajasthan Royals,0
11145,IPL-2019,Mohali,2019-03-30,Mumbai Indians,Punjab Kings,Punjab Kings,field,normal,0,Punjab Kings,0,8,MA Agarwal,IS Bindra Stadium,Vineet Kulkarni,Chris Gaffaney,Anil Chaudhary,2019,3,normal,1,Mumbai Indians,0
11147,IPL-2019,Hyderabad,2019-03-31,Sunrisers Hyderabad,Royal Challengers Bangalore,Royal Challengers Bangalore,field,normal,0,Sunrisers Hyderabad,118,0,J Bairstow,Rajiv Gandhi Intl. Cricket Stadium,S Ravi,KN Anantapadmanabhan,C Shamshuddin,2019,3,normal,0,Sunrisers Hyderabad,1
11148,IPL-2019,Chennai,2019-03-31,Chennai Super Kings,Rajasthan Royals,Rajasthan Royals,field,normal,0,Chennai Super Kings,8,0,MS Dhoni,M. A. Chidambaram Stadium,O Nandan,Yeshwant Barde,Bruce Oxenford,2019,3,normal,0,Chennai Super Kings,1
11149,IPL-2019,Mohali,2019-01-04,Punjab Kings,Delhi Capitals,Delhi Capitals,field,normal,0,Punjab Kings,14,0,S Curran,IS Bindra Stadium,Anil Chaudhary,Chris Gaffaney,Vineet Kulkarni,2019,1,normal,0,Punjab Kings,1
11150,IPL-2019,Jaipur,2019-02-04,Royal Challengers Bangalore,Rajasthan Royals,Rajasthan Royals,field,normal,0,Rajasthan Royals,0,7,S Gopal,Sawai Mansingh Stadium,Marais Erasmus,Anil Dandekar,Nitin Menon,2019,2,normal,1,Royal Challengers Bangalore,0
11151,IPL-2019,Mumbai,2019-03-04,Mumbai Indians,Chennai Super Kings,Chennai Super Kings,field,normal,0,Mumbai Indians,37,0,HH Pandya,Wankhede Stadium,Bruce Oxenford,Rod Tucker,Yeshwant Barde,2019,3,normal,0,Mumbai Indians,1
11152,IPL-2019,Delhi,2019-04-04,Delhi Capitals,Sunrisers Hyderabad,Sunrisers Hyderabad,field,normal,0,Sunrisers Hyderabad,0,5,J Bairstow,Feroz Shah Kotla Ground,C Shamshuddin,KN Anantapadmanabhan,S Ravi,2019,4,normal,1,Delhi Capitals,0
11153,IPL-2019,Bengaluru,2019-05-04,Royal Challengers Bangalore,Kolkata Knight Riders,Kolkata Knight Riders,field,normal,0,Kolkata Knight Riders,0,5,AD Russell,M. Chinnaswamy Stadium,Anil Chaudhary,Chris Gaffaney,O Nandan,2019,5,normal,1,Royal Challengers Bangalore,0
11309,IPL-2019,Chennai,2019-06-04,Chennai Super Kings,Punjab Kings,Chennai Super Kings,bat,normal,0,Chennai Super Kings,22,0,Harbhajan Singh,M. A. Chidambaram Stadium,KN Ananthapadmanabhan,Rod Tucker,C Shamshuddin,2019,6,normal,1,Chennai Super Kings,1
11310,IPL-2019,Hyderabad,2019-06-04,Mumbai Indians,Sunrisers Hyderabad,Sunrisers Hyderabad,field,normal,0,Mumbai Indians,40,0,A Joseph,Rajiv Gandhi Intl. Cricket Stadium,Anil Dandekar,Nitin Menon,Marais Erasmus,2019,6,normal,0,Mumbai Indians,1
11311,IPL-2019,Bengaluru,2019-07-04,Royal Challengers Bangalore,Delhi Capitals,Delhi Capitals,field,normal,0,Delhi Capitals,0,4,K Rabada,M. Chinnaswamy Stadium,S Ravi,Yeshwant Barde,O Nandan,2019,7,normal,1,Royal Challengers Bangalore,0
11312,IPL-2019,Jaipur,2019-07-04,Rajasthan Royals,Kolkata Knight Riders,Kolkata Knight Riders,field,normal,0,Kolkata Knight Riders,0,8,H Gurney,Sawai Mansingh Stadium,Chris Gaffaney,Anil Chaudhary,Bruce Oxenford,2019,7,normal,1,Rajasthan Royals,0
11313,IPL-2019,Mohali,2019-08-04,Sunrisers Hyderabad,Punjab Kings,Punjab Kings,field,normal,0,Punjab Kings,0,6,KL Rahul,IS Bindra Stadium,Marais Erasmus,Anil Dandekar,Nitin Menon,2019,8,normal,1,Sunrisers Hyderabad,0
11314,IPL-2019,Chennai,2019-09-04,Kolkata Knight Riders,Chennai Super Kings,Chennai Super Kings,field,normal,0,Chennai Super Kings,0,7,DL Chahar,M. A. Chidambaram Stadium,Rod Tucker,C Shamshuddin,Ulhas Gandhe,2019,9,normal,1,Kolkata Knight Riders,0
11315,IPL-2019,Mumbai,2019-10-04,Punjab Kings,Mumbai Indians,Mumbai Indians,field,normal,0,Mumbai Indians,0,3,KA Pollard,Wankhede Stadium,Yeshwant Barde,S Ravi,O Nandan,2019,10,normal,1,Punjab Kings,0
11316,IPL-2019,Jaipur,2019-11-04,Rajasthan Royals,Chennai Super Kings,Chennai Super Kings,field,normal,0,Chennai Super Kings,0,4,MS Dhoni,Sawai Mansingh Stadium,Bruce Oxenford,Ulhas Gandhe,Chris Gaffaney,2019,11,normal,1,Rajasthan Royals,0
11317,IPL-2019,Kolkata,2019-12-04,Kolkata Knight Riders,Delhi Capitals,Delhi Capitals,field,normal,0,Delhi Capitals,0,7,S Dhawan,Eden Gardens,Yeshwant Barde,O Nandan,Rod Tucker,2019,12,normal,1,Kolkata Knight Riders,0
11318,IPL-2019,Mumbai,2019-04-13,Mumbai Indians,Rajasthan Royals,Rajasthan Royals,field,normal,0,Rajasthan Royals,0,4,JC Buttler,Wankhede Stadium,Nitin Menon,Nanda Kishore,Marais Erasmus,2019,4,normal,1,Mumbai Indians,0
11319,IPL-2019,Mohali,2019-04-13,Punjab Kings,Royal Challengers Bangalore,Royal Challengers Bangalore,field,normal,0,Royal Challengers Bangalore,0,8,AB de Villiers,IS Bindra Stadium,S Ravi,Ulhas Gandhe,Nigel Llong,2019,4,normal,1,Punjab Kings,0
11320,IPL-2019,Kolkata,2019-04-14,Kolkata Knight Riders,Chennai Super Kings,Chennai Super Kings,field,normal,0,Chennai Super Kings,0,5,Imran Tahir,Eden Gardens,Rod Tucker,O Nandan,Yeshwant Barde,2019,4,normal,1,Kolkata Knight Riders,0
11321,IPL-2019,Hyderabad,2019-04-14,Delhi Capitals,Sunrisers Hyderabad,Sunrisers Hyderabad,field,normal,0,Delhi Capitals,39,0,K Paul,Rajiv Gandhi Intl. Cricket Stadium,Anil Chaudhary,Bruce Oxenford,Chris Gaffaney,2019,4,normal,0,Delhi Capitals,1
11322,IPL-2019,Mumbai,2019-04-15,Royal Challengers Bangalore,Mumbai Indians,Mumbai Indians,field,normal,0,Mumbai Indians,0,5,SL Malinga,Wankhede Stadium,Marais Erasmus,Nitin Menon,Nanda Kishore,2019,4,normal,1,Royal Challengers Bangalore,0
11323,IPL-2019,Mohali,2019-04-16,Punjab Kings,Rajasthan Royals,Rajasthan Royals,field,normal,0,Punjab Kings,12,0,R Ashwin,IS Bindra Stadium,Anil Chaudhary,Vineet Kulkarni,S Ravi,2019,4,normal,0,Punjab Kings,1
11324,IPL-2019,Hyderabad,2019-04-17,Chennai Super Kings,Sunrisers Hyderabad,Chennai Super Kings,bat,normal,0,Sunrisers Hyderabad,0,6,DA Warner,Rajiv Gandhi Intl. Cricket Stadium,Ian Gould,Ulhas Gandhe,C Shamshuddin,2019,4,normal,0,Chennai Super Kings,0
11325,IPL-2019,Delhi,2019-04-18,Mumbai Indians,Delhi Capitals,Mumbai Indians,bat,normal,0,Mumbai Indians,40,0,HH Pandya,Feroz Shah Kotla Ground,Nigel Llong,Bruce Oxenford,Anil Chaudhary,2019,4,normal,1,Mumbai Indians,1
11326,IPL-2019,Kolkata,2019-04-19,Royal Challengers Bangalore,Kolkata Knight Riders,Kolkata Knight Riders,field,normal,0,Royal Challengers Bangalore,10,0,V Kohli,Eden Gardens,Ian Gould,Nitin Menon,Anil Dandekar,2019,4,normal,0,Royal Challengers Bangalore,1
11327,IPL-2019,Jaipur,2019-04-20,Mumbai Indians,Rajasthan Royals,Rajasthan Royals,field,normal,0,Rajasthan Royals,0,5,SPD Smith,Sawai Mansingh Stadium,S Ravi,Yeshwant Barde,O Nandan,2019,4,normal,1,Mumbai Indians,0
11328,IPL-2019,Delhi,2019-04-20,Punjab Kings,Delhi Capitals,Delhi Capitals,field,normal,0,Delhi Capitals,0,5,SS Iyer,Feroz Shah Kotla Ground,Ulhas Gandhe,C Shamshuddin,Bruce Oxenford,2019,4,normal,1,Punjab Kings,0
11329,IPL-2019,Hyderabad,2019-04-21,Kolkata Knight Riders,Sunrisers Hyderabad,Sunrisers Hyderabad,field,normal,0,Sunrisers Hyderabad,0,9,K Ahmed,Rajiv Gandhi Intl. Cricket Stadium,Nitin Menon,Nigel Llong,Ian Gould,2019,4,normal,1,Kolkata Knight Riders,0
11330,IPL-2019,Bengaluru,2019-04-21,Royal Challengers Bangalore,Chennai Super Kings,Chennai Super Kings,field,normal,0,Royal Challengers Bangalore,1,0,PA Patel,M. Chinnaswamy Stadium,Vineet Kulkarni,Rod Tucker,Anil Chaudhary,2019,4,normal,0,Royal Challengers Bangalore,1
11331,IPL-2019,Jaipur,2019-04-22,Rajasthan Royals,Delhi Capitals,Delhi Capitals,field,normal,0,Delhi Capitals,0,6,RR Pant,Sawai Mansingh Stadium,S Ravi,Nanda Kishore,Yeshwant Barde,2019,4,normal,1,Rajasthan Royals,0
11332,IPL-2019,Chennai,2019-04-23,Sunrisers Hyderabad,Chennai Super Kings,Chennai Super Kings,field,normal,0,Chennai Super Kings,0,6,SR Watson,M. A. Chidambaram Stadium,Nigel Llong,Anil Chaudhary,Vineet Kulkarni,2019,4,normal,1,Sunrisers Hyderabad,0
11333,IPL-2019,Bengaluru,2019-04-24,Royal Challengers Bangalore,Punjab Kings,Punjab Kings,field,normal,0,Royal Challengers Bangalore,17,0,AB de Villiers,M. Chinnaswamy Stadium,Bruce Oxenford,C Shamshuddin,Rod Tucker,2019,4,normal,0,Royal Challengers Bangalore,1
11334,IPL-2019,Kolkata,2019-04-25,Kolkata Knight Riders,Rajasthan Royals,Rajasthan Royals,field,normal,0,Rajasthan Royals,0,3,VR Aaron,Eden Gardens,Ian Gould,Anil Dandekar,Nitin Menon,2019,4,normal,1,Kolkata Knight Riders,0
11335,IPL-2019,Chennai,2019-04-26,Mumbai Indians,Chennai Super Kings,Chennai Super Kings,field,normal,0,Mumbai Indians,46,0,RG Sharma,M. A. Chidambaram Stadium,Nigel Llong,Anil Chaudhary,Vineet Kulkarni,2019,4,normal,0,Mumbai Indians,1
11336,IPL-2019,Jaipur,2019-04-27,Sunrisers Hyderabad,Rajasthan Royals,Rajasthan Royals,field,normal,0,Rajasthan Royals,0,7,JD Unadkat,Sawai Mansingh Stadium,Yeshwant Barde,Nand Kishore,Sundaram Ravi,2019,4,normal,1,Sunrisers Hyderabad,0
11337,IPL-2019,Delhi,2019-04-28,Delhi Capitals,Royal Challengers Bangalore,Delhi Capitals,bat,normal,0,Delhi Capitals,16,0,S Dhawan,Feroz Shah Kotla Ground,Bruce Oxenford,KN Ananthapadmanabhan,C Shamshuddin,2019,4,normal,1,Delhi Capitals,1
11338,IPL-2019,Kolkata,2019-04-28,Kolkata Knight Riders,Mumbai Indians,Mumbai Indians,field,normal,0,Kolkata Knight Riders,34,0,AD Russell,Eden Gardens,Ian Gould,Nitin Menon,Anil Dandekar,2019,4,normal,0,Kolkata Knight Riders,1
11339,IPL-2019,Hyderabad,2019-04-29,Sunrisers Hyderabad,Punjab Kings,Punjab Kings,field,normal,0,Sunrisers Hyderabad,45,0,DA Warner,Rajiv Gandhi Intl. Cricket Stadium,S Ravi,O Nandan,Nanda Kishore,2019,4,normal,0,Sunrisers Hyderabad,1
11341,IPL-2019,Chennai,2019-01-05,Chennai Super Kings,Delhi Capitals,Delhi Capitals,field,normal,0,Chennai Super Kings,80,0,MS Dhoni,M. A. Chidambaram Stadium,Anil Dandekar,Nitin Menon,Ian Gould,2019,1,normal,0,Chennai Super Kings,1
11343,IPL-2019,Mohali,2019-03-05,Punjab Kings,Kolkata Knight Riders,Kolkata Knight Riders,field,normal,0,Kolkata Knight Riders,0,7,S Gill,IS Bindra Stadium,Bruce Oxenford,C Shamshuddin,KN Ananthapadmanabhan,2019,3,normal,1,Punjab Kings,0
11344,IPL-2019,Delhi,2019-04-05,Rajasthan Royals,Delhi Capitals,Rajasthan Royals,bat,normal,0,Delhi Capitals,0,5,A Mishra,Feroz Shah Kotla Ground,Ian Gould,Anil Dandekar,Nitin Menon,2019,4,normal,0,Rajasthan Royals,0
11345,IPL-2019,Bengaluru,2019-04-05,Sunrisers Hyderabad,Royal Challengers Bangalore,Royal Challengers Bangalore,field,normal,0,Royal Challengers Bangalore,0,4,S Hetmyer,M. Chinnaswamy Stadium,Nigel Llong,Anil Chaudhary,Ulhas Gandhe,2019,4,normal,1,Sunrisers Hyderabad,0
11346,IPL-2019,Mohali,2019-05-05,Chennai Super Kings,Punjab Kings,Punjab Kings,field,normal,0,Punjab Kings,0,6,KL Rahul,IS Bindra Stadium,KN Ananthapadmanabhan,C Shamshuddin,Bruce Oxenford,2019,5,normal,1,Chennai Super Kings,0
11347,IPL-2019,Mumbai,2019-05-05,Kolkata Knight Riders,Mumbai Indians,Mumbai Indians,field,normal,0,Mumbai Indians,0,9,HH Pandya,Wankhede Stadium,Nanda Kishore,O Nandan,S Ravi,2019,5,normal,1,Kolkata Knight Riders,0
11412,IPL-2019,Chennai,2019-07-05,Chennai Super Kings,Mumbai Indians,Chennai Super Kings,bat,normal,0,Mumbai Indians,0,6,AS Yadav,M. A. Chidambaram Stadium,Nigel Llong,Nitin Menon,Ian Gould,2019,7,normal,0,Chennai Super Kings,0
11413,IPL-2019,Visakhapatnam,2019-08-05,Sunrisers Hyderabad,Delhi Capitals,Delhi Capitals,field,normal,0,Delhi Capitals,0,2,RR Pant,ACA-VDCA Stadium,,,,2019,8,normal,1,Sunrisers Hyderabad,0
11414,IPL-2019,Visakhapatnam,2019-10-05,Delhi Capitals,Chennai Super Kings,Chennai Super Kings,field,normal,0,Chennai Super Kings,0,6,F du Plessis,ACA-VDCA Stadium,Sundaram Ravi,Bruce Oxenford,Chettithody Shamshuddin,2019,10,normal,1,Delhi Capitals,0
11415,IPL-2019,Hyderabad,2019-12-05,Mumbai Indians,Chennai Super Kings,Mumbai Indians,bat,normal,0,Mumbai Indians,1,0,JJ Bumrah,Rajiv Gandhi Intl. Cricket Stadium,Nitin Menon,Ian Gould,Nigel Llong,2019,12,normal,1,Mumbai Indians,1
